Origin,origin_country,origin_lat,origin_lon,Destination,dist_lat,dist_lon,Transit,tran_lat,tran_lon
Almaty,Kazakhstan,43.34651814,77.0119939,Riyadh,24.9604887,46.70212343,Muscat,23.60069209,58.28890729
Almaty,Kazakhstan,43.34651814,77.0119939,Salalah,17.04695823,54.08804568,Muscat,23.60069209,58.28890729
Almaty,Kazakhstan,43.34651814,77.0119939,Shiraz,29.60704,52.524651,Muscat,23.60069209,58.28890729
Almaty,Kazakhstan,43.34651814,77.0119939,Dubai,25.07725,55.30927,Muscat,23.60069209,58.28890729
Almaty,Kazakhstan,43.34651814,77.0119939,Doha,25.2677098,51.55819875,Muscat,23.60069209,58.28890729
Almaty,Kazakhstan,43.34651814,77.0119939,Kuwait,29.2403852,47.97091705,Muscat,23.60069209,58.28890729
Almaty,Kazakhstan,43.34651814,77.0119939,Bairut,33.82589151,35.49276702,Muscat,23.60069209,58.28890729
Almaty,Kazakhstan,43.34651814,77.0119939,Cairo (SPX) ,30.10754038,30.88667988,Muscat,23.60069209,58.28890729
Almaty,Kazakhstan,43.34651814,77.0119939,Duqm,19.50340891,57.63664505,Muscat,23.60069209,58.28890729
Almaty,Kazakhstan,43.34651814,77.0119939,Jeddah ,21.6830091,39.16634979,Muscat,23.60069209,58.28890729
Almaty,Kazakhstan,43.34651814,77.0119939,Baghdad ,33.26771992,44.23077194,Muscat,23.60069209,58.28890729
Almaty,Kazakhstan,43.34651814,77.0119939,Colombo,7.180070835,79.88417006,Muscat,23.60069209,58.28890729
Almaty,Kazakhstan,43.34651814,77.0119939,Calicut,11.13956658,75.95121222,Muscat,23.60069209,58.28890729
Almaty,Kazakhstan,43.34651814,77.0119939,Fujairah,25.176729,56.355046,Muscat,23.60069209,58.28890729
Almaty,Kazakhstan,43.34651814,77.0119939,Bharain,26.26741558,50.63001447,Muscat,23.60069209,58.28890729
Almaty,Kazakhstan,43.34651814,77.0119939,Dammam,26.4731379,49.79453543,Muscat,23.60069209,58.28890729
Almaty,Kazakhstan,43.34651814,77.0119939,Istanbul (Sabiha),41.27677836,28.72996804,Muscat,23.60069209,58.28890729
Bahrain,Bahrain,26.26741558,50.63001447,Salalah,17.04695823,54.08804568,Muscat,23.60069209,58.28890729
Bahrain,Bahrain,26.26741558,50.63001447,Bangkok,13.69239184,100.750564,Muscat,23.60069209,58.28890729
Bahrain,Bahrain,26.26741558,50.63001447,Dhaka,23.8432299,90.40206514,Muscat,23.60069209,58.28890729
Bahrain,Bahrain,26.26741558,50.63001447,Hyderabad ,17.361431,78.474533,Muscat,23.60069209,58.28890729
Bahrain,Bahrain,26.26741558,50.63001447,Colombo,7.180070835,79.88417006,Muscat,23.60069209,58.28890729
Bahrain,Bahrain,26.26741558,50.63001447,Calicut,11.13956658,75.95121222,Muscat,23.60069209,58.28890729
Bahrain,Bahrain,26.26741558,50.63001447,Sialkot,32.532569,74.36766744,Muscat,23.60069209,58.28890729
Bahrain,Bahrain,26.26741558,50.63001447,Mashhad,32.73998,35.32387,Muscat,23.60069209,58.28890729
Bahrain,Bahrain,26.26741558,50.63001447,Jaipur,26.82818436,75.80569051,Muscat,23.60069209,58.28890729
Bahrain,Bahrain,26.26741558,50.63001447,Chittagong,22.24575776,91.81446412,Muscat,23.60069209,58.28890729
Bahrain,Bahrain,26.26741558,50.63001447,Karachi,24.860735,67.001137,Muscat,23.60069209,58.28890729
Bahrain,Bahrain,26.26741558,50.63001447,Almaty,43.34651814,77.0119939,Muscat,23.60069209,58.28890729
Bahrain,Bahrain,26.26741558,50.63001447,Phuket,8.105340192,98.30522515,Muscat,23.60069209,58.28890729
Bahrain,Bahrain,26.26741558,50.63001447,Multan,30.157457,71.524918,Muscat,23.60069209,58.28890729
Bahrain,Bahrain,26.26741558,50.63001447,Lucknow,26.76527649,80.88533803,Muscat,23.60069209,58.28890729
Bahrain,Bahrain,26.26741558,50.63001447,Duqm,19.50340891,57.63664505,Muscat,23.60069209,58.28890729
Bahrain,Bahrain,26.26741558,50.63001447,Peshawar,34.015137,71.524918,Muscat,23.60069209,58.28890729
Bahrain,Bahrain,26.26741558,50.63001447,Tirana,41.41926081,19.71299069,Muscat,23.60069209,58.28890729
Bahrain,Bahrain,26.26741558,50.63001447,Islamabad ,33.55620027,72.83441615,Muscat,23.60069209,58.28890729
Bahrain,Bahrain,26.26741558,50.63001447,Lahore,31.52061463,74.41178216,Muscat,23.60069209,58.28890729
Bahrain,Bahrain,26.26741558,50.63001447,Chennai,12.98104406,80.15937623,Muscat,23.60069209,58.28890729
Bairut,Lebanon,33.82589151,35.49276702,Chittagong,22.24575776,91.81446412,Muscat,23.60069209,58.28890729
Bairut,Lebanon,33.82589151,35.49276702,Lucknow,26.76527649,80.88533803,Muscat,23.60069209,58.28890729
Bairut,Lebanon,33.82589151,35.49276702,Bangkok,13.69239184,100.750564,Muscat,23.60069209,58.28890729
Bairut,Lebanon,33.82589151,35.49276702,Karachi,24.860735,67.001137,Muscat,23.60069209,58.28890729
Bairut,Lebanon,33.82589151,35.49276702,Duqm,19.50340891,57.63664505,Muscat,23.60069209,58.28890729
Bairut,Lebanon,33.82589151,35.49276702,Salalah,17.04695823,54.08804568,Muscat,23.60069209,58.28890729
Bairut,Lebanon,33.82589151,35.49276702,Phuket,8.105340192,98.30522515,Muscat,23.60069209,58.28890729
Bairut,Lebanon,33.82589151,35.49276702,Dubai,25.07725,55.30927,Muscat,23.60069209,58.28890729
Bairut,Lebanon,33.82589151,35.49276702,Hyderabad ,17.361431,78.474533,Muscat,23.60069209,58.28890729
Bairut,Lebanon,33.82589151,35.49276702,Colombo,7.180070835,79.88417006,Muscat,23.60069209,58.28890729
Bairut,Lebanon,33.82589151,35.49276702,Calicut,11.13956658,75.95121222,Muscat,23.60069209,58.28890729
Bairut,Lebanon,33.82589151,35.49276702,Peshawar,34.015137,71.524918,Muscat,23.60069209,58.28890729
Bairut,Lebanon,33.82589151,35.49276702,Jaipur,26.82818436,75.80569051,Muscat,23.60069209,58.28890729
Bairut,Lebanon,33.82589151,35.49276702,Delhi,28.55629445,77.09960824,Muscat,23.60069209,58.28890729
Bairut,Lebanon,33.82589151,35.49276702,Masirah,20.42498128,58.79658312,Muscat,23.60069209,58.28890729
Bairut,Lebanon,33.82589151,35.49276702,Chennai,12.98104406,80.15937623,Muscat,23.60069209,58.28890729
Bairut,Lebanon,33.82589151,35.49276702,Lahore,31.52061463,74.41178216,Muscat,23.60069209,58.28890729
Baghdad ,Iraq,33.26771992,44.23077194,Bangkok,13.69239184,100.750564,Muscat,23.60069209,58.28890729
Baghdad ,Iraq,33.26771992,44.23077194,Dubai,25.07725,55.30927,Muscat,23.60069209,58.28890729
Baghdad ,Iraq,33.26771992,44.23077194,Salalah,17.04695823,54.08804568,Muscat,23.60069209,58.28890729
Baghdad ,Iraq,33.26771992,44.23077194,Dhaka,23.8432299,90.40206514,Muscat,23.60069209,58.28890729
Baghdad ,Iraq,33.26771992,44.23077194,Hyderabad ,17.361431,78.474533,Muscat,23.60069209,58.28890729
Baghdad ,Iraq,33.26771992,44.23077194,Colombo,7.180070835,79.88417006,Muscat,23.60069209,58.28890729
Baghdad ,Iraq,33.26771992,44.23077194,Calicut,11.13956658,75.95121222,Muscat,23.60069209,58.28890729
Baghdad ,Iraq,33.26771992,44.23077194,Phuket,8.105340192,98.30522515,Muscat,23.60069209,58.28890729
Baghdad ,Iraq,33.26771992,44.23077194,Multan,30.157457,71.524918,Muscat,23.60069209,58.28890729
Baghdad ,Iraq,33.26771992,44.23077194,Chittagong,22.24575776,91.81446412,Muscat,23.60069209,58.28890729
Baghdad ,Iraq,33.26771992,44.23077194,Lucknow,26.76527649,80.88533803,Muscat,23.60069209,58.28890729
Baghdad ,Iraq,33.26771992,44.23077194,Karachi,24.860735,67.001137,Muscat,23.60069209,58.28890729
Baghdad ,Iraq,33.26771992,44.23077194,Duqm,19.50340891,57.63664505,Muscat,23.60069209,58.28890729
Baghdad ,Iraq,33.26771992,44.23077194,Peshawar,34.015137,71.524918,Muscat,23.60069209,58.28890729
Baghdad ,Iraq,33.26771992,44.23077194,Sialkot,32.532569,74.36766744,Muscat,23.60069209,58.28890729
Baghdad ,Iraq,33.26771992,44.23077194,Jaipur,26.82818436,75.80569051,Muscat,23.60069209,58.28890729
Baghdad ,Iraq,33.26771992,44.23077194,Fujairah,25.176729,56.355046,Muscat,23.60069209,58.28890729
Baghdad ,Iraq,33.26771992,44.23077194,Lahore,31.52061463,74.41178216,Muscat,23.60069209,58.28890729
Baghdad ,Iraq,33.26771992,44.23077194,Chennai,12.98104406,80.15937623,Muscat,23.60069209,58.28890729
Baghdad ,Iraq,33.26771992,44.23077194,Islamabad ,33.55620027,72.83441615,Muscat,23.60069209,58.28890729
Baghdad ,Iraq,33.26771992,44.23077194,Almaty,43.34651814,77.0119939,Muscat,23.60069209,58.28890729
Baghdad ,Iraq,33.26771992,44.23077194,Delhi,28.55629445,77.09960824,Muscat,23.60069209,58.28890729
Baghdad ,Iraq,33.26771992,44.23077194,Masirah,20.42498128,58.79658312,Muscat,23.60069209,58.28890729
Bangkok,Iraq,13.69239184,100.750564,Jeddah ,21.6830091,39.16634979,Muscat,23.60069209,58.28890729
Bangkok,Thailand,13.69239184,100.750564,Dubai,25.07725,55.30927,Muscat,23.60069209,58.28890729
Bangkok,Thailand,13.69239184,100.750564,Baghdad ,33.26771992,44.23077194,Muscat,23.60069209,58.28890729
Bangkok,Thailand,13.69239184,100.750564,Doha,25.2677098,51.55819875,Muscat,23.60069209,58.28890729
Bangkok,Thailand,13.69239184,100.750564,Bharain,26.26741558,50.63001447,Muscat,23.60069209,58.28890729
Bangkok,Thailand,13.69239184,100.750564,Dammam,26.4731379,49.79453543,Muscat,23.60069209,58.28890729
Bangkok,Thailand,13.69239184,100.750564,Salalah,17.04695823,54.08804568,Muscat,23.60069209,58.28890729
Bangkok,Thailand,13.69239184,100.750564,Istanbul (Sabiha),41.27677836,28.72996804,Muscat,23.60069209,58.28890729
Bangkok,Thailand,13.69239184,100.750564,Kuwait,29.2403852,47.97091705,Muscat,23.60069209,58.28890729
Bangkok,Thailand,13.69239184,100.750564,Tehran ,35.40981184,51.15535079,Muscat,23.60069209,58.28890729
Bangkok,Thailand,13.69239184,100.750564,Trabzon ,41.0020719,39.7192164,Muscat,23.60069209,58.28890729
Bangkok,Thailand,13.69239184,100.750564,Shiraz,29.60704,52.524651,Muscat,23.60069209,58.28890729
Bangkok,Thailand,13.69239184,100.750564,Riyadh,24.9604887,46.70212343,Muscat,23.60069209,58.28890729
Bangkok,Thailand,13.69239184,100.750564,Mashhad,32.73998,35.32387,Muscat,23.60069209,58.28890729
Bangkok,Thailand,13.69239184,100.750564,Baku,40.409264,49.867092,Muscat,23.60069209,58.28890729
Bangkok,Thailand,13.69239184,100.750564,Fujairah,25.176729,56.355046,Muscat,23.60069209,58.28890729
Bangkok,Thailand,13.69239184,100.750564,Duqm,19.50340891,57.63664505,Muscat,23.60069209,58.28890729
Bangkok,Thailand,13.69239184,100.750564,Bairut,33.82589151,35.49276702,Muscat,23.60069209,58.28890729
Bangkok,Thailand,13.69239184,100.750564,Medina,24.470901,39.612236,Muscat,23.60069209,58.28890729
Calicut,India,11.13956658,75.95121222,Tehran ,35.40981184,51.15535079,Muscat,23.60069209,58.28890729
Calicut,India,11.13956658,75.95121222,Shiraz,29.60704,52.524651,Muscat,23.60069209,58.28890729
Calicut,India,11.13956658,75.95121222,Jeddah ,21.6830091,39.16634979,Muscat,23.60069209,58.28890729
Calicut,India,11.13956658,75.95121222,Baghdad ,33.26771992,44.23077194,Muscat,23.60069209,58.28890729
Calicut,India,11.13956658,75.95121222,Tirana,41.41926081,19.71299069,Muscat,23.60069209,58.28890729
Calicut,India,11.13956658,75.95121222,Doha,25.2677098,51.55819875,Muscat,23.60069209,58.28890729
Calicut,India,11.13956658,75.95121222,Bharain,26.26741558,50.63001447,Muscat,23.60069209,58.28890729
Calicut,India,11.13956658,75.95121222,Kuwait,29.2403852,47.97091705,Muscat,23.60069209,58.28890729
Calicut,India,11.13956658,75.95121222,Cairo (SPX) ,30.10754038,30.88667988,Muscat,23.60069209,58.28890729
Calicut,India,11.13956658,75.95121222,Masirah,20.42498128,58.79658312,Muscat,23.60069209,58.28890729
Calicut,India,11.13956658,75.95121222,Baku,40.409264,49.867092,Muscat,23.60069209,58.28890729
Calicut,India,11.13956658,75.95121222,Salalah,17.04695823,54.08804568,Muscat,23.60069209,58.28890729
Calicut,India,11.13956658,75.95121222,Dammam,26.4731379,49.79453543,Muscat,23.60069209,58.28890729
Calicut,India,11.13956658,75.95121222,Trabzon ,41.0020719,39.7192164,Muscat,23.60069209,58.28890729
Calicut,India,11.13956658,75.95121222,Dubai,25.07725,55.30927,Muscat,23.60069209,58.28890729
Calicut,India,11.13956658,75.95121222,Istanbul (Sabiha),41.27677836,28.72996804,Muscat,23.60069209,58.28890729
Calicut,India,11.13956658,75.95121222,Bairut,33.82589151,35.49276702,Muscat,23.60069209,58.28890729
Calicut,India,11.13956658,75.95121222,Duqm,19.50340891,57.63664505,Muscat,23.60069209,58.28890729
Calicut,India,11.13956658,75.95121222,Peshawar,34.015137,71.524918,Muscat,23.60069209,58.28890729
Calicut,India,11.13956658,75.95121222,Riyadh,24.9604887,46.70212343,Muscat,23.60069209,58.28890729
Calicut,India,11.13956658,75.95121222,Mashhad,32.73998,35.32387,Muscat,23.60069209,58.28890729
Calicut,India,11.13956658,75.95121222,Fujairah,25.176729,56.355046,Muscat,23.60069209,58.28890729
Calicut,India,11.13956658,75.95121222,Medina,24.470901,39.612236,Muscat,23.60069209,58.28890729
Calicut,India,11.13956658,75.95121222,Almaty,43.34651814,77.0119939,Muscat,23.60069209,58.28890729
Chittagong,Bangladesh,22.24575776,91.81446412,Cairo (SPX) ,30.10754038,30.88667988,Muscat,23.60069209,58.28890729
Chittagong,Bangladesh,22.24575776,91.81446412,Jeddah ,21.6830091,39.16634979,Muscat,23.60069209,58.28890729
Chittagong,Bangladesh,22.24575776,91.81446412,Masirah,20.42498128,58.79658312,Muscat,23.60069209,58.28890729
Chittagong,Bangladesh,22.24575776,91.81446412,Baku,40.409264,49.867092,Muscat,23.60069209,58.28890729
Chittagong,Bangladesh,22.24575776,91.81446412,Salalah,17.04695823,54.08804568,Muscat,23.60069209,58.28890729
Chittagong,Bangladesh,22.24575776,91.81446412,Dammam,26.4731379,49.79453543,Muscat,23.60069209,58.28890729
Chittagong,Bangladesh,22.24575776,91.81446412,Trabzon ,41.0020719,39.7192164,Muscat,23.60069209,58.28890729
Chittagong,Bangladesh,22.24575776,91.81446412,Doha,25.2677098,51.55819875,Muscat,23.60069209,58.28890729
Chittagong,Bangladesh,22.24575776,91.81446412,Bharain,26.26741558,50.63001447,Muscat,23.60069209,58.28890729
Chittagong,Bangladesh,22.24575776,91.81446412,Dubai,25.07725,55.30927,Muscat,23.60069209,58.28890729
Chittagong,Bangladesh,22.24575776,91.81446412,Baghdad ,33.26771992,44.23077194,Muscat,23.60069209,58.28890729
Chittagong,Bangladesh,22.24575776,91.81446412,Kuwait,29.2403852,47.97091705,Muscat,23.60069209,58.28890729
Chittagong,Bangladesh,22.24575776,91.81446412,Tehran ,35.40981184,51.15535079,Muscat,23.60069209,58.28890729
Chittagong,Bangladesh,22.24575776,91.81446412,Shiraz,29.60704,52.524651,Muscat,23.60069209,58.28890729
Chittagong,Bangladesh,22.24575776,91.81446412,Duqm,19.50340891,57.63664505,Muscat,23.60069209,58.28890729
Chittagong,Bangladesh,22.24575776,91.81446412,Riyadh,24.9604887,46.70212343,Muscat,23.60069209,58.28890729
Chittagong,Bangladesh,22.24575776,91.81446412,Mashhad,32.73998,35.32387,Muscat,23.60069209,58.28890729
Chittagong,Bangladesh,22.24575776,91.81446412,Medina,24.470901,39.612236,Muscat,23.60069209,58.28890729
Chittagong,Bangladesh,22.24575776,91.81446412,Fujairah,25.176729,56.355046,Muscat,23.60069209,58.28890729
Chittagong,Bangladesh,22.24575776,91.81446412,Bairut,33.82589151,35.49276702,Muscat,23.60069209,58.28890729
Colombo,Sri Lanka,7.180070835,79.88417006,Baghdad ,33.26771992,44.23077194,Muscat,23.60069209,58.28890729
Colombo,Sri Lanka,7.180070835,79.88417006,Tirana,41.41926081,19.71299069,Muscat,23.60069209,58.28890729
Colombo,Sri Lanka,7.180070835,79.88417006,Doha,25.2677098,51.55819875,Muscat,23.60069209,58.28890729
Colombo,Sri Lanka,7.180070835,79.88417006,Bharain,26.26741558,50.63001447,Muscat,23.60069209,58.28890729
Colombo,Sri Lanka,7.180070835,79.88417006,Kuwait,29.2403852,47.97091705,Muscat,23.60069209,58.28890729
Colombo,Sri Lanka,7.180070835,79.88417006,Cairo (SPX) ,30.10754038,30.88667988,Muscat,23.60069209,58.28890729
Colombo,Sri Lanka,7.180070835,79.88417006,Jeddah ,21.6830091,39.16634979,Muscat,23.60069209,58.28890729
Colombo,Sri Lanka,7.180070835,79.88417006,Masirah,20.42498128,58.79658312,Muscat,23.60069209,58.28890729
Colombo,Sri Lanka,7.180070835,79.88417006,Baku,40.409264,49.867092,Muscat,23.60069209,58.28890729
Colombo,Sri Lanka,7.180070835,79.88417006,Salalah,17.04695823,54.08804568,Muscat,23.60069209,58.28890729
Colombo,Sri Lanka,7.180070835,79.88417006,Dammam,26.4731379,49.79453543,Muscat,23.60069209,58.28890729
Colombo,Sri Lanka,7.180070835,79.88417006,Trabzon ,41.0020719,39.7192164,Muscat,23.60069209,58.28890729
Colombo,Sri Lanka,7.180070835,79.88417006,Dubai,25.07725,55.30927,Muscat,23.60069209,58.28890729
Colombo,Sri Lanka,7.180070835,79.88417006,Istanbul (Sabiha),41.27677836,28.72996804,Muscat,23.60069209,58.28890729
Colombo,Sri Lanka,7.180070835,79.88417006,Tehran ,35.40981184,51.15535079,Muscat,23.60069209,58.28890729
Colombo,Sri Lanka,7.180070835,79.88417006,Shiraz,29.60704,52.524651,Muscat,23.60069209,58.28890729
Colombo,Sri Lanka,7.180070835,79.88417006,Bairut,33.82589151,35.49276702,Muscat,23.60069209,58.28890729
Colombo,Sri Lanka,7.180070835,79.88417006,Duqm,19.50340891,57.63664505,Muscat,23.60069209,58.28890729
Colombo,Sri Lanka,7.180070835,79.88417006,Peshawar,34.015137,71.524918,Muscat,23.60069209,58.28890729
Colombo,Sri Lanka,7.180070835,79.88417006,Riyadh,24.9604887,46.70212343,Muscat,23.60069209,58.28890729
Colombo,Sri Lanka,7.180070835,79.88417006,Mashhad,32.73998,35.32387,Muscat,23.60069209,58.28890729
Colombo,Sri Lanka,7.180070835,79.88417006,Fujairah,25.176729,56.355046,Muscat,23.60069209,58.28890729
Colombo,Sri Lanka,7.180070835,79.88417006,Medina,24.470901,39.612236,Muscat,23.60069209,58.28890729
Colombo,Sri Lanka,7.180070835,79.88417006,Almaty,43.34651814,77.0119939,Muscat,23.60069209,58.28890729
Colombo,Sri Lanka,7.180070835,79.88417006,Islamabad ,33.55620027,72.83441615,Muscat,23.60069209,58.28890729
Dhaka,Bangladesh,23.8432299,90.40206514,Doha,25.2677098,51.55819875,Muscat,23.60069209,58.28890729
Dhaka,Bangladesh,23.8432299,90.40206514,Bharain,26.26741558,50.63001447,Muscat,23.60069209,58.28890729
Dhaka,Bangladesh,23.8432299,90.40206514,Kuwait,29.2403852,47.97091705,Muscat,23.60069209,58.28890729
Dhaka,Bangladesh,23.8432299,90.40206514,Cairo (SPX) ,30.10754038,30.88667988,Muscat,23.60069209,58.28890729
Dhaka,Bangladesh,23.8432299,90.40206514,Jeddah ,21.6830091,39.16634979,Muscat,23.60069209,58.28890729
Dhaka,Bangladesh,23.8432299,90.40206514,Masirah,20.42498128,58.79658312,Muscat,23.60069209,58.28890729
Dhaka,Bangladesh,23.8432299,90.40206514,Baku,40.409264,49.867092,Muscat,23.60069209,58.28890729
Dhaka,Bangladesh,23.8432299,90.40206514,Salalah,17.04695823,54.08804568,Muscat,23.60069209,58.28890729
Dhaka,Bangladesh,23.8432299,90.40206514,Dammam,26.4731379,49.79453543,Muscat,23.60069209,58.28890729
Dhaka,Bangladesh,23.8432299,90.40206514,Trabzon ,41.0020719,39.7192164,Muscat,23.60069209,58.28890729
Dhaka,Bangladesh,23.8432299,90.40206514,Dubai,25.07725,55.30927,Muscat,23.60069209,58.28890729
Dhaka,Bangladesh,23.8432299,90.40206514,Istanbul (Sabiha),41.27677836,28.72996804,Muscat,23.60069209,58.28890729
Dhaka,Bangladesh,23.8432299,90.40206514,Baghdad ,33.26771992,44.23077194,Muscat,23.60069209,58.28890729
Dhaka,Bangladesh,23.8432299,90.40206514,Tehran ,35.40981184,51.15535079,Muscat,23.60069209,58.28890729
Dhaka,Bangladesh,23.8432299,90.40206514,Shiraz,29.60704,52.524651,Muscat,23.60069209,58.28890729
Dhaka,Bangladesh,23.8432299,90.40206514,Bairut,33.82589151,35.49276702,Muscat,23.60069209,58.28890729
Dhaka,Bangladesh,23.8432299,90.40206514,Duqm,19.50340891,57.63664505,Muscat,23.60069209,58.28890729
Dhaka,Bangladesh,23.8432299,90.40206514,Riyadh,24.9604887,46.70212343,Muscat,23.60069209,58.28890729
Dhaka,Bangladesh,23.8432299,90.40206514,Mashhad,32.73998,35.32387,Muscat,23.60069209,58.28890729
Dhaka,Bangladesh,23.8432299,90.40206514,Medina,24.470901,39.612236,Muscat,23.60069209,58.28890729
Dhaka,Bangladesh,23.8432299,90.40206514,Fujairah,25.176729,56.355046,Muscat,23.60069209,58.28890729
Delhi,India,28.55629445,77.09960824,Cairo (SPX) ,30.10754038,30.88667988,Muscat,23.60069209,58.28890729
Delhi,India,28.55629445,77.09960824,Jeddah ,21.6830091,39.16634979,Muscat,23.60069209,58.28890729
Delhi,India,28.55629445,77.09960824,Baghdad ,33.26771992,44.23077194,Muscat,23.60069209,58.28890729
Delhi,India,28.55629445,77.09960824,Dammam,26.4731379,49.79453543,Muscat,23.60069209,58.28890729
Delhi,India,28.55629445,77.09960824,Salalah,17.04695823,54.08804568,Muscat,23.60069209,58.28890729
Delhi,India,28.55629445,77.09960824,Bharain,26.26741558,50.63001447,Muscat,23.60069209,58.28890729
Delhi,India,28.55629445,77.09960824,Dubai,25.07725,55.30927,Muscat,23.60069209,58.28890729
Delhi,India,28.55629445,77.09960824,Masirah,20.42498128,58.79658312,Muscat,23.60069209,58.28890729
Delhi,India,28.55629445,77.09960824,Baku,40.409264,49.867092,Muscat,23.60069209,58.28890729
Delhi,India,28.55629445,77.09960824,Trabzon ,41.0020719,39.7192164,Muscat,23.60069209,58.28890729
Delhi,India,28.55629445,77.09960824,Doha,25.2677098,51.55819875,Muscat,23.60069209,58.28890729
Dammam,Saudi Arabia,26.4731379,49.79453543,Sialkot,32.532569,74.36766744,Muscat,23.60069209,58.28890729
Dammam,Saudi Arabia,26.4731379,49.79453543,Jaipur,26.82818436,75.80569051,Muscat,23.60069209,58.28890729
Dammam,Saudi Arabia,26.4731379,49.79453543,Chittagong,22.24575776,91.81446412,Muscat,23.60069209,58.28890729
Dammam,Saudi Arabia,26.4731379,49.79453543,Bangkok,13.69239184,100.750564,Muscat,23.60069209,58.28890729
Dammam,Saudi Arabia,26.4731379,49.79453543,Karachi,24.860735,67.001137,Muscat,23.60069209,58.28890729
Dammam,Saudi Arabia,26.4731379,49.79453543,Almaty,43.34651814,77.0119939,Muscat,23.60069209,58.28890729
Dammam,Saudi Arabia,26.4731379,49.79453543,Salalah,17.04695823,54.08804568,Muscat,23.60069209,58.28890729
Dammam,Saudi Arabia,26.4731379,49.79453543,Phuket,8.105340192,98.30522515,Muscat,23.60069209,58.28890729
Dammam,Saudi Arabia,26.4731379,49.79453543,Dhaka,23.8432299,90.40206514,Muscat,23.60069209,58.28890729
Dammam,Saudi Arabia,26.4731379,49.79453543,Hyderabad ,17.361431,78.474533,Muscat,23.60069209,58.28890729
Dammam,Saudi Arabia,26.4731379,49.79453543,Colombo,7.180070835,79.88417006,Muscat,23.60069209,58.28890729
Dammam,Saudi Arabia,26.4731379,49.79453543,Calicut,11.13956658,75.95121222,Muscat,23.60069209,58.28890729
Dammam,Saudi Arabia,26.4731379,49.79453543,Multan,30.157457,71.524918,Muscat,23.60069209,58.28890729
Dammam,Saudi Arabia,26.4731379,49.79453543,Lucknow,26.76527649,80.88533803,Muscat,23.60069209,58.28890729
Dammam,Saudi Arabia,26.4731379,49.79453543,Duqm,19.50340891,57.63664505,Muscat,23.60069209,58.28890729
Dammam,Saudi Arabia,26.4731379,49.79453543,Peshawar,34.015137,71.524918,Muscat,23.60069209,58.28890729
Dammam,Saudi Arabia,26.4731379,49.79453543,Islamabad ,33.55620027,72.83441615,Muscat,23.60069209,58.28890729
Dammam,Saudi Arabia,26.4731379,49.79453543,Lahore,31.52061463,74.41178216,Muscat,23.60069209,58.28890729
Dammam,Saudi Arabia,26.4731379,49.79453543,Chennai,12.98104406,80.15937623,Muscat,23.60069209,58.28890729
Doha,Qatar,25.2677098,51.55819875,Trabzon ,41.0020719,39.7192164,Muscat,23.60069209,58.28890729
Doha,Qatar,25.2677098,51.55819875,Bangkok,13.69239184,100.750564,Muscat,23.60069209,58.28890729
Doha,Qatar,25.2677098,51.55819875,Dhaka,23.8432299,90.40206514,Muscat,23.60069209,58.28890729
Doha,Qatar,25.2677098,51.55819875,Hyderabad ,17.361431,78.474533,Muscat,23.60069209,58.28890729
Doha,Qatar,25.2677098,51.55819875,Colombo,7.180070835,79.88417006,Muscat,23.60069209,58.28890729
Doha,Qatar,25.2677098,51.55819875,Calicut,11.13956658,75.95121222,Muscat,23.60069209,58.28890729
Doha,Qatar,25.2677098,51.55819875,Sialkot,32.532569,74.36766744,Muscat,23.60069209,58.28890729
Doha,Qatar,25.2677098,51.55819875,Mashhad,32.73998,35.32387,Muscat,23.60069209,58.28890729
Doha,Qatar,25.2677098,51.55819875,Jaipur,26.82818436,75.80569051,Muscat,23.60069209,58.28890729
Doha,Qatar,25.2677098,51.55819875,Chittagong,22.24575776,91.81446412,Muscat,23.60069209,58.28890729
Doha,Qatar,25.2677098,51.55819875,Karachi,24.860735,67.001137,Muscat,23.60069209,58.28890729
Doha,Qatar,25.2677098,51.55819875,Almaty,43.34651814,77.0119939,Muscat,23.60069209,58.28890729
Doha,Qatar,25.2677098,51.55819875,Istanbul (Sabiha),41.27677836,28.72996804,Muscat,23.60069209,58.28890729
Doha,Qatar,25.2677098,51.55819875,Phuket,8.105340192,98.30522515,Muscat,23.60069209,58.28890729
Doha,Qatar,25.2677098,51.55819875,Multan,30.157457,71.524918,Muscat,23.60069209,58.28890729
Doha,Qatar,25.2677098,51.55819875,Duqm,19.50340891,57.63664505,Muscat,23.60069209,58.28890729
Doha,Qatar,25.2677098,51.55819875,Peshawar,34.015137,71.524918,Muscat,23.60069209,58.28890729
Doha,Qatar,25.2677098,51.55819875,Lucknow,26.76527649,80.88533803,Muscat,23.60069209,58.28890729
Doha,Qatar,25.2677098,51.55819875,Tirana,41.41926081,19.71299069,Muscat,23.60069209,58.28890729
Doha,Qatar,25.2677098,51.55819875,Delhi,28.55629445,77.09960824,Muscat,23.60069209,58.28890729
Doha,Qatar,25.2677098,51.55819875,Masirah,20.42498128,58.79658312,Muscat,23.60069209,58.28890729
Doha,Qatar,25.2677098,51.55819875,Islamabad ,33.55620027,72.83441615,Muscat,23.60069209,58.28890729
Doha,Qatar,25.2677098,51.55819875,Lahore,31.52061463,74.41178216,Muscat,23.60069209,58.28890729
Doha,Qatar,25.2677098,51.55819875,Chennai,12.98104406,80.15937623,Muscat,23.60069209,58.28890729
Duqm,Oman,19.50340891,57.63664505,Sialkot,32.532569,74.36766744,Muscat,23.60069209,58.28890729
Duqm,Oman,19.50340891,57.63664505,Mashhad,32.73998,35.32387,Muscat,23.60069209,58.28890729
Duqm,Oman,19.50340891,57.63664505,Jaipur,26.82818436,75.80569051,Muscat,23.60069209,58.28890729
Duqm,Oman,19.50340891,57.63664505,Chittagong,22.24575776,91.81446412,Muscat,23.60069209,58.28890729
Duqm,Oman,19.50340891,57.63664505,Bangkok,13.69239184,100.750564,Muscat,23.60069209,58.28890729
Duqm,Oman,19.50340891,57.63664505,Karachi,24.860735,67.001137,Muscat,23.60069209,58.28890729
Duqm,Oman,19.50340891,57.63664505,Almaty,43.34651814,77.0119939,Muscat,23.60069209,58.28890729
Duqm,Oman,19.50340891,57.63664505,Jeddah ,21.6830091,39.16634979,Muscat,23.60069209,58.28890729
Duqm,Oman,19.50340891,57.63664505,Dubai,25.07725,55.30927,Muscat,23.60069209,58.28890729
Duqm,Oman,19.50340891,57.63664505,Baghdad ,33.26771992,44.23077194,Muscat,23.60069209,58.28890729
Duqm,Oman,19.50340891,57.63664505,Doha,25.2677098,51.55819875,Muscat,23.60069209,58.28890729
Duqm,Oman,19.50340891,57.63664505,Bharain,26.26741558,50.63001447,Muscat,23.60069209,58.28890729
Duqm,Oman,19.50340891,57.63664505,Dammam,26.4731379,49.79453543,Muscat,23.60069209,58.28890729
Duqm,Oman,19.50340891,57.63664505,Istanbul (Sabiha),41.27677836,28.72996804,Muscat,23.60069209,58.28890729
Duqm,Oman,19.50340891,57.63664505,Dhaka,23.8432299,90.40206514,Muscat,23.60069209,58.28890729
Duqm,Oman,19.50340891,57.63664505,Hyderabad ,17.361431,78.474533,Muscat,23.60069209,58.28890729
Duqm,Oman,19.50340891,57.63664505,Colombo,7.180070835,79.88417006,Muscat,23.60069209,58.28890729
Duqm,Oman,19.50340891,57.63664505,Calicut,11.13956658,75.95121222,Muscat,23.60069209,58.28890729
Duqm,Oman,19.50340891,57.63664505,Riyadh,24.9604887,46.70212343,Muscat,23.60069209,58.28890729
Duqm,Oman,19.50340891,57.63664505,Tehran ,35.40981184,51.15535079,Muscat,23.60069209,58.28890729
Duqm,Oman,19.50340891,57.63664505,Baku,40.409264,49.867092,Muscat,23.60069209,58.28890729
Duqm,Oman,19.50340891,57.63664505,Phuket,8.105340192,98.30522515,Muscat,23.60069209,58.28890729
Duqm,Oman,19.50340891,57.63664505,Shiraz,29.60704,52.524651,Muscat,23.60069209,58.28890729
Duqm,Oman,19.50340891,57.63664505,Kuwait,29.2403852,47.97091705,Muscat,23.60069209,58.28890729
Duqm,Oman,19.50340891,57.63664505,Trabzon ,41.0020719,39.7192164,Muscat,23.60069209,58.28890729
Duqm,Oman,19.50340891,57.63664505,Fujairah,25.176729,56.355046,Muscat,23.60069209,58.28890729
Duqm,Oman,19.50340891,57.63664505,Multan,30.157457,71.524918,Muscat,23.60069209,58.28890729
Duqm,Oman,19.50340891,57.63664505,Cairo (SPX) ,30.10754038,30.88667988,Muscat,23.60069209,58.28890729
Duqm,Oman,19.50340891,57.63664505,Peshawar,34.015137,71.524918,Muscat,23.60069209,58.28890729
Duqm,Oman,19.50340891,57.63664505,Bairut,33.82589151,35.49276702,Muscat,23.60069209,58.28890729
Duqm,Oman,19.50340891,57.63664505,Medina,24.470901,39.612236,Muscat,23.60069209,58.28890729
Duqm,Oman,19.50340891,57.63664505,Islamabad ,33.55620027,72.83441615,Muscat,23.60069209,58.28890729
Duqm,Oman,19.50340891,57.63664505,Lahore,31.52061463,74.41178216,Muscat,23.60069209,58.28890729
Duqm,Oman,19.50340891,57.63664505,Chennai,12.98104406,80.15937623,Muscat,23.60069209,58.28890729
Dubai,United Arab Emirates,25.07725,55.30927,Sialkot,32.532569,74.36766744,Muscat,23.60069209,58.28890729
Dubai,United Arab Emirates,25.07725,55.30927,Mashhad,32.73998,35.32387,Muscat,23.60069209,58.28890729
Dubai,United Arab Emirates,25.07725,55.30927,Jaipur,26.82818436,75.80569051,Muscat,23.60069209,58.28890729
Dubai,United Arab Emirates,25.07725,55.30927,Chittagong,22.24575776,91.81446412,Muscat,23.60069209,58.28890729
Dubai,United Arab Emirates,25.07725,55.30927,Bangkok,13.69239184,100.750564,Muscat,23.60069209,58.28890729
Dubai,United Arab Emirates,25.07725,55.30927,Karachi,24.860735,67.001137,Muscat,23.60069209,58.28890729
Dubai,United Arab Emirates,25.07725,55.30927,Almaty,43.34651814,77.0119939,Muscat,23.60069209,58.28890729
Dubai,United Arab Emirates,25.07725,55.30927,Jeddah ,21.6830091,39.16634979,Muscat,23.60069209,58.28890729
Dubai,United Arab Emirates,25.07725,55.30927,Baghdad ,33.26771992,44.23077194,Muscat,23.60069209,58.28890729
Dubai,United Arab Emirates,25.07725,55.30927,Salalah,17.04695823,54.08804568,Muscat,23.60069209,58.28890729
Dubai,United Arab Emirates,25.07725,55.30927,Istanbul (Sabiha),41.27677836,28.72996804,Muscat,23.60069209,58.28890729
Dubai,United Arab Emirates,25.07725,55.30927,Tehran ,35.40981184,51.15535079,Muscat,23.60069209,58.28890729
Dubai,United Arab Emirates,25.07725,55.30927,Trabzon ,41.0020719,39.7192164,Muscat,23.60069209,58.28890729
Dubai,United Arab Emirates,25.07725,55.30927,Phuket,8.105340192,98.30522515,Muscat,23.60069209,58.28890729
Dubai,United Arab Emirates,25.07725,55.30927,Dhaka,23.8432299,90.40206514,Muscat,23.60069209,58.28890729
Dubai,United Arab Emirates,25.07725,55.30927,Hyderabad ,17.361431,78.474533,Muscat,23.60069209,58.28890729
Dubai,United Arab Emirates,25.07725,55.30927,Colombo,7.180070835,79.88417006,Muscat,23.60069209,58.28890729
Dubai,United Arab Emirates,25.07725,55.30927,Calicut,11.13956658,75.95121222,Muscat,23.60069209,58.28890729
Dubai,United Arab Emirates,25.07725,55.30927,Multan,30.157457,71.524918,Muscat,23.60069209,58.28890729
Dubai,United Arab Emirates,25.07725,55.30927,Bairut,33.82589151,35.49276702,Muscat,23.60069209,58.28890729
Dubai,United Arab Emirates,25.07725,55.30927,Cairo (SPX) ,30.10754038,30.88667988,Muscat,23.60069209,58.28890729
Dubai,United Arab Emirates,25.07725,55.30927,Duqm,19.50340891,57.63664505,Muscat,23.60069209,58.28890729
Dubai,United Arab Emirates,25.07725,55.30927,Peshawar,34.015137,71.524918,Muscat,23.60069209,58.28890729
Dubai,United Arab Emirates,25.07725,55.30927,Lucknow,26.76527649,80.88533803,Muscat,23.60069209,58.28890729
Dubai,United Arab Emirates,25.07725,55.30927,Baku,40.409264,49.867092,Muscat,23.60069209,58.28890729
Dubai,United Arab Emirates,25.07725,55.30927,Tirana,41.41926081,19.71299069,Muscat,23.60069209,58.28890729
Dubai,United Arab Emirates,25.07725,55.30927,Medina,24.470901,39.612236,Muscat,23.60069209,58.28890729
Dubai,United Arab Emirates,25.07725,55.30927,Delhi,28.55629445,77.09960824,Muscat,23.60069209,58.28890729
Dubai,United Arab Emirates,25.07725,55.30927,Masirah,20.42498128,58.79658312,Muscat,23.60069209,58.28890729
Dubai,United Arab Emirates,25.07725,55.30927,Islamabad ,33.55620027,72.83441615,Muscat,23.60069209,58.28890729
Dubai,United Arab Emirates,25.07725,55.30927,Lahore,31.52061463,74.41178216,Muscat,23.60069209,58.28890729
Dubai,United Arab Emirates,25.07725,55.30927,Chennai,12.98104406,80.15937623,Muscat,23.60069209,58.28890729
Fujairah,United Arab Emirates,25.176729,56.355046,Medina,24.470901,39.612236,Muscat,23.60069209,58.28890729
Fujairah,United Arab Emirates,25.176729,56.355046,Jeddah ,21.6830091,39.16634979,Muscat,23.60069209,58.28890729
Fujairah,United Arab Emirates,25.176729,56.355046,Salalah,17.04695823,54.08804568,Muscat,23.60069209,58.28890729
Fujairah,United Arab Emirates,25.176729,56.355046,Kuwait,29.2403852,47.97091705,Muscat,23.60069209,58.28890729
Fujairah,United Arab Emirates,25.176729,56.355046,Tehran ,35.40981184,51.15535079,Muscat,23.60069209,58.28890729
Fujairah,United Arab Emirates,25.176729,56.355046,Trabzon ,41.0020719,39.7192164,Muscat,23.60069209,58.28890729
Fujairah,United Arab Emirates,25.176729,56.355046,Phuket,8.105340192,98.30522515,Muscat,23.60069209,58.28890729
Fujairah,United Arab Emirates,25.176729,56.355046,Dhaka,23.8432299,90.40206514,Muscat,23.60069209,58.28890729
Fujairah,United Arab Emirates,25.176729,56.355046,Colombo,7.180070835,79.88417006,Muscat,23.60069209,58.28890729
Fujairah,United Arab Emirates,25.176729,56.355046,Riyadh,24.9604887,46.70212343,Muscat,23.60069209,58.28890729
Fujairah,United Arab Emirates,25.176729,56.355046,Calicut,11.13956658,75.95121222,Muscat,23.60069209,58.28890729
Fujairah,United Arab Emirates,25.176729,56.355046,Multan,30.157457,71.524918,Muscat,23.60069209,58.28890729
Fujairah,United Arab Emirates,25.176729,56.355046,Jaipur,26.82818436,75.80569051,Muscat,23.60069209,58.28890729
Fujairah,United Arab Emirates,25.176729,56.355046,Chittagong,22.24575776,91.81446412,Muscat,23.60069209,58.28890729
Fujairah,United Arab Emirates,25.176729,56.355046,Lucknow,26.76527649,80.88533803,Muscat,23.60069209,58.28890729
Fujairah,United Arab Emirates,25.176729,56.355046,Karachi,24.860735,67.001137,Muscat,23.60069209,58.28890729
Fujairah,United Arab Emirates,25.176729,56.355046,Delhi,28.55629445,77.09960824,Muscat,23.60069209,58.28890729
Fujairah,United Arab Emirates,25.176729,56.355046,Duqm,19.50340891,57.63664505,Muscat,23.60069209,58.28890729
Fujairah,United Arab Emirates,25.176729,56.355046,Mashhad,32.73998,35.32387,Muscat,23.60069209,58.28890729
Fujairah,United Arab Emirates,25.176729,56.355046,Almaty,43.34651814,77.0119939,Muscat,23.60069209,58.28890729
Fujairah,United Arab Emirates,25.176729,56.355046,Cairo (SPX) ,30.10754038,30.88667988,Muscat,23.60069209,58.28890729
Fujairah,United Arab Emirates,25.176729,56.355046,Baghdad ,33.26771992,44.23077194,Muscat,23.60069209,58.28890729
Fujairah,United Arab Emirates,25.176729,56.355046,Bangkok,13.69239184,100.750564,Muscat,23.60069209,58.28890729
Fujairah,United Arab Emirates,25.176729,56.355046,Bairut,33.82589151,35.49276702,Muscat,23.60069209,58.28890729
Fujairah,United Arab Emirates,25.176729,56.355046,Tirana,41.41926081,19.71299069,Muscat,23.60069209,58.28890729
Fujairah,United Arab Emirates,25.176729,56.355046,Masirah,20.42498128,58.79658312,Muscat,23.60069209,58.28890729
Fujairah,United Arab Emirates,25.176729,56.355046,Baku,40.409264,49.867092,Muscat,23.60069209,58.28890729
Fujairah,United Arab Emirates,25.176729,56.355046,Islamabad ,33.55620027,72.83441615,Muscat,23.60069209,58.28890729
Fujairah,United Arab Emirates,25.176729,56.355046,Lahore,31.52061463,74.41178216,Muscat,23.60069209,58.28890729
Baku,Azerbaijan,40.409264,49.867092,Jaipur,26.82818436,75.80569051,Muscat,23.60069209,58.28890729
Baku,Azerbaijan,40.409264,49.867092,Chittagong,22.24575776,91.81446412,Muscat,23.60069209,58.28890729
Baku,Azerbaijan,40.409264,49.867092,Bangkok,13.69239184,100.750564,Muscat,23.60069209,58.28890729
Baku,Azerbaijan,40.409264,49.867092,Karachi,24.860735,67.001137,Muscat,23.60069209,58.28890729
Baku,Azerbaijan,40.409264,49.867092,Dubai,25.07725,55.30927,Muscat,23.60069209,58.28890729
Baku,Azerbaijan,40.409264,49.867092,Salalah,17.04695823,54.08804568,Muscat,23.60069209,58.28890729
Baku,Azerbaijan,40.409264,49.867092,Phuket,8.105340192,98.30522515,Muscat,23.60069209,58.28890729
Baku,Azerbaijan,40.409264,49.867092,Duqm,19.50340891,57.63664505,Muscat,23.60069209,58.28890729
Baku,Azerbaijan,40.409264,49.867092,Fujairah,25.176729,56.355046,Muscat,23.60069209,58.28890729
Baku,Azerbaijan,40.409264,49.867092,Dhaka,23.8432299,90.40206514,Muscat,23.60069209,58.28890729
Phuket,Thailand,8.105340192,98.30522515,Tehran ,35.40981184,51.15535079,Muscat,23.60069209,58.28890729
Phuket,Thailand,8.105340192,98.30522515,Shiraz,29.60704,52.524651,Muscat,23.60069209,58.28890729
Phuket,Thailand,8.105340192,98.30522515,Jeddah ,21.6830091,39.16634979,Muscat,23.60069209,58.28890729
Phuket,Thailand,8.105340192,98.30522515,Baghdad ,33.26771992,44.23077194,Muscat,23.60069209,58.28890729
Phuket,Thailand,8.105340192,98.30522515,Tirana,41.41926081,19.71299069,Muscat,23.60069209,58.28890729
Phuket,Thailand,8.105340192,98.30522515,Doha,25.2677098,51.55819875,Muscat,23.60069209,58.28890729
Phuket,Thailand,8.105340192,98.30522515,Bharain,26.26741558,50.63001447,Muscat,23.60069209,58.28890729
Phuket,Thailand,8.105340192,98.30522515,Kuwait,29.2403852,47.97091705,Muscat,23.60069209,58.28890729
Phuket,Thailand,8.105340192,98.30522515,Cairo (SPX) ,30.10754038,30.88667988,Muscat,23.60069209,58.28890729
Phuket,Thailand,8.105340192,98.30522515,Masirah,20.42498128,58.79658312,Muscat,23.60069209,58.28890729
Phuket,Thailand,8.105340192,98.30522515,Baku,40.409264,49.867092,Muscat,23.60069209,58.28890729
Phuket,Thailand,8.105340192,98.30522515,Salalah,17.04695823,54.08804568,Muscat,23.60069209,58.28890729
Phuket,Thailand,8.105340192,98.30522515,Dammam,26.4731379,49.79453543,Muscat,23.60069209,58.28890729
Phuket,Thailand,8.105340192,98.30522515,Trabzon ,41.0020719,39.7192164,Muscat,23.60069209,58.28890729
Phuket,Thailand,8.105340192,98.30522515,Dubai,25.07725,55.30927,Muscat,23.60069209,58.28890729
Phuket,Thailand,8.105340192,98.30522515,Bairut,33.82589151,35.49276702,Muscat,23.60069209,58.28890729
Phuket,Thailand,8.105340192,98.30522515,Duqm,19.50340891,57.63664505,Muscat,23.60069209,58.28890729
Phuket,Thailand,8.105340192,98.30522515,Peshawar,34.015137,71.524918,Muscat,23.60069209,58.28890729
Phuket,Thailand,8.105340192,98.30522515,Fujairah,25.176729,56.355046,Muscat,23.60069209,58.28890729
Phuket,Thailand,8.105340192,98.30522515,Istanbul (Sabiha),41.27677836,28.72996804,Muscat,23.60069209,58.28890729
Phuket,Thailand,8.105340192,98.30522515,Medina,24.470901,39.612236,Muscat,23.60069209,58.28890729
Phuket,Thailand,8.105340192,98.30522515,Riyadh,24.9604887,46.70212343,Muscat,23.60069209,58.28890729
Phuket,Thailand,8.105340192,98.30522515,Mashhad,32.73998,35.32387,Muscat,23.60069209,58.28890729
Hyderabad ,India,17.361431,78.474533,Jeddah ,21.6830091,39.16634979,Muscat,23.60069209,58.28890729
Hyderabad ,India,17.361431,78.474533,Dubai,25.07725,55.30927,Muscat,23.60069209,58.28890729
Hyderabad ,India,17.361431,78.474533,Baghdad ,33.26771992,44.23077194,Muscat,23.60069209,58.28890729
Hyderabad ,India,17.361431,78.474533,Doha,25.2677098,51.55819875,Muscat,23.60069209,58.28890729
Hyderabad ,India,17.361431,78.474533,Bharain,26.26741558,50.63001447,Muscat,23.60069209,58.28890729
Hyderabad ,India,17.361431,78.474533,Dammam,26.4731379,49.79453543,Muscat,23.60069209,58.28890729
Hyderabad ,India,17.361431,78.474533,Salalah,17.04695823,54.08804568,Muscat,23.60069209,58.28890729
Hyderabad ,India,17.361431,78.474533,Istanbul (Sabiha),41.27677836,28.72996804,Muscat,23.60069209,58.28890729
Hyderabad ,India,17.361431,78.474533,Kuwait,29.2403852,47.97091705,Muscat,23.60069209,58.28890729
Hyderabad ,India,17.361431,78.474533,Tehran ,35.40981184,51.15535079,Muscat,23.60069209,58.28890729
Hyderabad ,India,17.361431,78.474533,Trabzon ,41.0020719,39.7192164,Muscat,23.60069209,58.28890729
Hyderabad ,India,17.361431,78.474533,Shiraz,29.60704,52.524651,Muscat,23.60069209,58.28890729
Hyderabad ,India,17.361431,78.474533,Bairut,33.82589151,35.49276702,Muscat,23.60069209,58.28890729
Hyderabad ,India,17.361431,78.474533,Cairo (SPX) ,30.10754038,30.88667988,Muscat,23.60069209,58.28890729
Hyderabad ,India,17.361431,78.474533,Duqm,19.50340891,57.63664505,Muscat,23.60069209,58.28890729
Hyderabad ,India,17.361431,78.474533,Riyadh,24.9604887,46.70212343,Muscat,23.60069209,58.28890729
Hyderabad ,India,17.361431,78.474533,Mashhad,32.73998,35.32387,Muscat,23.60069209,58.28890729
Hyderabad ,India,17.361431,78.474533,Baku,40.409264,49.867092,Muscat,23.60069209,58.28890729
Hyderabad ,India,17.361431,78.474533,Tirana,41.41926081,19.71299069,Muscat,23.60069209,58.28890729
Hyderabad ,India,17.361431,78.474533,Fujairah,25.176729,56.355046,Muscat,23.60069209,58.28890729
Hyderabad ,India,17.361431,78.474533,Medina,24.470901,39.612236,Muscat,23.60069209,58.28890729
Tehran ,Iran,35.40981184,51.15535079,Salalah,17.04695823,54.08804568,Muscat,23.60069209,58.28890729
Tehran ,Iran,35.40981184,51.15535079,Bangkok,13.69239184,100.750564,Muscat,23.60069209,58.28890729
Tehran ,Iran,35.40981184,51.15535079,Dubai,25.07725,55.30927,Muscat,23.60069209,58.28890729
Tehran ,Iran,35.40981184,51.15535079,Dhaka,23.8432299,90.40206514,Muscat,23.60069209,58.28890729
Tehran ,Iran,35.40981184,51.15535079,Hyderabad ,17.361431,78.474533,Muscat,23.60069209,58.28890729
Tehran ,Iran,35.40981184,51.15535079,Colombo,7.180070835,79.88417006,Muscat,23.60069209,58.28890729
Tehran ,Iran,35.40981184,51.15535079,Calicut,11.13956658,75.95121222,Muscat,23.60069209,58.28890729
Tehran ,Iran,35.40981184,51.15535079,Jaipur,26.82818436,75.80569051,Muscat,23.60069209,58.28890729
Tehran ,Iran,35.40981184,51.15535079,Chittagong,22.24575776,91.81446412,Muscat,23.60069209,58.28890729
Tehran ,Iran,35.40981184,51.15535079,Phuket,8.105340192,98.30522515,Muscat,23.60069209,58.28890729
Tehran ,Iran,35.40981184,51.15535079,Karachi,24.860735,67.001137,Muscat,23.60069209,58.28890729
Tehran ,Iran,35.40981184,51.15535079,Duqm,19.50340891,57.63664505,Muscat,23.60069209,58.28890729
Tehran ,Iran,35.40981184,51.15535079,Multan,30.157457,71.524918,Muscat,23.60069209,58.28890729
Tehran ,Iran,35.40981184,51.15535079,Sialkot,32.532569,74.36766744,Muscat,23.60069209,58.28890729
Tehran ,Iran,35.40981184,51.15535079,Fujairah,25.176729,56.355046,Muscat,23.60069209,58.28890729
Tehran ,Iran,35.40981184,51.15535079,Lucknow,26.76527649,80.88533803,Muscat,23.60069209,58.28890729
Tehran ,Iran,35.40981184,51.15535079,Delhi,28.55629445,77.09960824,Muscat,23.60069209,58.28890729
Tehran ,Iran,35.40981184,51.15535079,Masirah,20.42498128,58.79658312,Muscat,23.60069209,58.28890729
Tehran ,Iran,35.40981184,51.15535079,Lahore,31.52061463,74.41178216,Muscat,23.60069209,58.28890729
Tehran ,Iran,35.40981184,51.15535079,Chennai,12.98104406,80.15937623,Muscat,23.60069209,58.28890729
Islamabad ,Pakistan,33.55620027,72.83441615,Salalah,17.04695823,54.08804568,Muscat,23.60069209,58.28890729
Islamabad ,Pakistan,33.55620027,72.83441615,Shiraz,29.60704,52.524651,Muscat,23.60069209,58.28890729
Islamabad ,Pakistan,33.55620027,72.83441615,Doha,25.2677098,51.55819875,Muscat,23.60069209,58.28890729
Islamabad ,Pakistan,33.55620027,72.83441615,Jeddah ,21.6830091,39.16634979,Muscat,23.60069209,58.28890729
Islamabad ,Pakistan,33.55620027,72.83441615,Kuwait,29.2403852,47.97091705,Muscat,23.60069209,58.28890729
Islamabad ,Pakistan,33.55620027,72.83441615,Cairo (SPX) ,30.10754038,30.88667988,Muscat,23.60069209,58.28890729
Islamabad ,Pakistan,33.55620027,72.83441615,Baghdad ,33.26771992,44.23077194,Muscat,23.60069209,58.28890729
Islamabad ,Pakistan,33.55620027,72.83441615,Dammam,26.4731379,49.79453543,Muscat,23.60069209,58.28890729
Islamabad ,Pakistan,33.55620027,72.83441615,Bharain,26.26741558,50.63001447,Muscat,23.60069209,58.28890729
Islamabad ,Pakistan,33.55620027,72.83441615,Dubai,25.07725,55.30927,Muscat,23.60069209,58.28890729
Islamabad ,Pakistan,33.55620027,72.83441615,Colombo,7.180070835,79.88417006,Muscat,23.60069209,58.28890729
Islamabad ,Pakistan,33.55620027,72.83441615,Tirana,41.41926081,19.71299069,Muscat,23.60069209,58.28890729
Islamabad ,Pakistan,33.55620027,72.83441615,Masirah,20.42498128,58.79658312,Muscat,23.60069209,58.28890729
Islamabad ,Pakistan,33.55620027,72.83441615,Trabzon ,41.0020719,39.7192164,Muscat,23.60069209,58.28890729
Islamabad ,Pakistan,33.55620027,72.83441615,Istanbul (Sabiha),41.27677836,28.72996804,Muscat,23.60069209,58.28890729
Islamabad ,Pakistan,33.55620027,72.83441615,Medina,24.470901,39.612236,Muscat,23.60069209,58.28890729
Islamabad ,Pakistan,33.55620027,72.83441615,Bairut,33.82589151,35.49276702,Muscat,23.60069209,58.28890729
Islamabad ,Pakistan,33.55620027,72.83441615,Fujairah,25.176729,56.355046,Muscat,23.60069209,58.28890729
Islamabad ,Pakistan,33.55620027,72.83441615,Duqm,19.50340891,57.63664505,Muscat,23.60069209,58.28890729
Islamabad ,Pakistan,33.55620027,72.83441615,Riyadh,24.9604887,46.70212343,Muscat,23.60069209,58.28890729
Jaipur,India,26.82818436,75.80569051,Shiraz,29.60704,52.524651,Muscat,23.60069209,58.28890729
Jaipur,India,26.82818436,75.80569051,Jeddah ,21.6830091,39.16634979,Muscat,23.60069209,58.28890729
Jaipur,India,26.82818436,75.80569051,Baghdad ,33.26771992,44.23077194,Muscat,23.60069209,58.28890729
Jaipur,India,26.82818436,75.80569051,Tirana,41.41926081,19.71299069,Muscat,23.60069209,58.28890729
Jaipur,India,26.82818436,75.80569051,Doha,25.2677098,51.55819875,Muscat,23.60069209,58.28890729
Jaipur,India,26.82818436,75.80569051,Bharain,26.26741558,50.63001447,Muscat,23.60069209,58.28890729
Jaipur,India,26.82818436,75.80569051,Kuwait,29.2403852,47.97091705,Muscat,23.60069209,58.28890729
Jaipur,India,26.82818436,75.80569051,Cairo (SPX) ,30.10754038,30.88667988,Muscat,23.60069209,58.28890729
Jaipur,India,26.82818436,75.80569051,Masirah,20.42498128,58.79658312,Muscat,23.60069209,58.28890729
Jaipur,India,26.82818436,75.80569051,Baku,40.409264,49.867092,Muscat,23.60069209,58.28890729
Jaipur,India,26.82818436,75.80569051,Salalah,17.04695823,54.08804568,Muscat,23.60069209,58.28890729
Jaipur,India,26.82818436,75.80569051,Dammam,26.4731379,49.79453543,Muscat,23.60069209,58.28890729
Jaipur,India,26.82818436,75.80569051,Trabzon ,41.0020719,39.7192164,Muscat,23.60069209,58.28890729
Jaipur,India,26.82818436,75.80569051,Dubai,25.07725,55.30927,Muscat,23.60069209,58.28890729
Jaipur,India,26.82818436,75.80569051,Istanbul (Sabiha),41.27677836,28.72996804,Muscat,23.60069209,58.28890729
Jaipur,India,26.82818436,75.80569051,Tehran ,35.40981184,51.15535079,Muscat,23.60069209,58.28890729
Jaipur,India,26.82818436,75.80569051,Bairut,33.82589151,35.49276702,Muscat,23.60069209,58.28890729
Jaipur,India,26.82818436,75.80569051,Duqm,19.50340891,57.63664505,Muscat,23.60069209,58.28890729
Jaipur,India,26.82818436,75.80569051,Fujairah,25.176729,56.355046,Muscat,23.60069209,58.28890729
Jaipur,India,26.82818436,75.80569051,Medina,24.470901,39.612236,Muscat,23.60069209,58.28890729
Jaipur,India,26.82818436,75.80569051,Riyadh,24.9604887,46.70212343,Muscat,23.60069209,58.28890729
Jeddah ,Saudi Arabia,21.6830091,39.16634979,Bangkok,13.69239184,100.750564,Muscat,23.60069209,58.28890729
Jeddah ,Saudi Arabia,21.6830091,39.16634979,Dubai,25.07725,55.30927,Muscat,23.60069209,58.28890729
Jeddah ,Saudi Arabia,21.6830091,39.16634979,Dhaka,23.8432299,90.40206514,Muscat,23.60069209,58.28890729
Jeddah ,Saudi Arabia,21.6830091,39.16634979,Hyderabad ,17.361431,78.474533,Muscat,23.60069209,58.28890729
Jeddah ,Saudi Arabia,21.6830091,39.16634979,Colombo,7.180070835,79.88417006,Muscat,23.60069209,58.28890729
Jeddah ,Saudi Arabia,21.6830091,39.16634979,Calicut,11.13956658,75.95121222,Muscat,23.60069209,58.28890729
Jeddah ,Saudi Arabia,21.6830091,39.16634979,Sialkot,32.532569,74.36766744,Muscat,23.60069209,58.28890729
Jeddah ,Saudi Arabia,21.6830091,39.16634979,Mashhad,32.73998,35.32387,Muscat,23.60069209,58.28890729
Jeddah ,Saudi Arabia,21.6830091,39.16634979,Jaipur,26.82818436,75.80569051,Muscat,23.60069209,58.28890729
Jeddah ,Saudi Arabia,21.6830091,39.16634979,Chittagong,22.24575776,91.81446412,Muscat,23.60069209,58.28890729
Jeddah ,Saudi Arabia,21.6830091,39.16634979,Karachi,24.860735,67.001137,Muscat,23.60069209,58.28890729
Jeddah ,Saudi Arabia,21.6830091,39.16634979,Almaty,43.34651814,77.0119939,Muscat,23.60069209,58.28890729
Jeddah ,Saudi Arabia,21.6830091,39.16634979,Phuket,8.105340192,98.30522515,Muscat,23.60069209,58.28890729
Jeddah ,Saudi Arabia,21.6830091,39.16634979,Multan,30.157457,71.524918,Muscat,23.60069209,58.28890729
Jeddah ,Saudi Arabia,21.6830091,39.16634979,Duqm,19.50340891,57.63664505,Muscat,23.60069209,58.28890729
Jeddah ,Saudi Arabia,21.6830091,39.16634979,Lucknow,26.76527649,80.88533803,Muscat,23.60069209,58.28890729
Jeddah ,Saudi Arabia,21.6830091,39.16634979,Peshawar,34.015137,71.524918,Muscat,23.60069209,58.28890729
Jeddah ,Saudi Arabia,21.6830091,39.16634979,Fujairah,25.176729,56.355046,Muscat,23.60069209,58.28890729
Jeddah ,Saudi Arabia,21.6830091,39.16634979,Delhi,28.55629445,77.09960824,Muscat,23.60069209,58.28890729
Jeddah ,Saudi Arabia,21.6830091,39.16634979,Masirah,20.42498128,58.79658312,Muscat,23.60069209,58.28890729
Jeddah ,Saudi Arabia,21.6830091,39.16634979,Islamabad ,33.55620027,72.83441615,Muscat,23.60069209,58.28890729
Jeddah ,Saudi Arabia,21.6830091,39.16634979,Lahore,31.52061463,74.41178216,Muscat,23.60069209,58.28890729
Jeddah ,Saudi Arabia,21.6830091,39.16634979,Chennai,12.98104406,80.15937623,Muscat,23.60069209,58.28890729
Karachi,Pakistan,24.860735,67.001137,Tehran ,35.40981184,51.15535079,Muscat,23.60069209,58.28890729
Karachi,Pakistan,24.860735,67.001137,Shiraz,29.60704,52.524651,Muscat,23.60069209,58.28890729
Karachi,Pakistan,24.860735,67.001137,Jeddah ,21.6830091,39.16634979,Muscat,23.60069209,58.28890729
Karachi,Pakistan,24.860735,67.001137,Baghdad ,33.26771992,44.23077194,Muscat,23.60069209,58.28890729
Karachi,Pakistan,24.860735,67.001137,Tirana,41.41926081,19.71299069,Muscat,23.60069209,58.28890729
Karachi,Pakistan,24.860735,67.001137,Doha,25.2677098,51.55819875,Muscat,23.60069209,58.28890729
Karachi,Pakistan,24.860735,67.001137,Bharain,26.26741558,50.63001447,Muscat,23.60069209,58.28890729
Karachi,Pakistan,24.860735,67.001137,Kuwait,29.2403852,47.97091705,Muscat,23.60069209,58.28890729
Karachi,Pakistan,24.860735,67.001137,Cairo (SPX) ,30.10754038,30.88667988,Muscat,23.60069209,58.28890729
Karachi,Pakistan,24.860735,67.001137,Masirah,20.42498128,58.79658312,Muscat,23.60069209,58.28890729
Karachi,Pakistan,24.860735,67.001137,Baku,40.409264,49.867092,Muscat,23.60069209,58.28890729
Karachi,Pakistan,24.860735,67.001137,Salalah,17.04695823,54.08804568,Muscat,23.60069209,58.28890729
Karachi,Pakistan,24.860735,67.001137,Dammam,26.4731379,49.79453543,Muscat,23.60069209,58.28890729
Karachi,Pakistan,24.860735,67.001137,Trabzon ,41.0020719,39.7192164,Muscat,23.60069209,58.28890729
Karachi,Pakistan,24.860735,67.001137,Bangkok,13.69239184,100.750564,Muscat,23.60069209,58.28890729
Karachi,Pakistan,24.860735,67.001137,Dubai,25.07725,55.30927,Muscat,23.60069209,58.28890729
Karachi,Pakistan,24.860735,67.001137,Istanbul (Sabiha),41.27677836,28.72996804,Muscat,23.60069209,58.28890729
Karachi,Pakistan,24.860735,67.001137,Phuket,8.105340192,98.30522515,Muscat,23.60069209,58.28890729
Karachi,Pakistan,24.860735,67.001137,Bairut,33.82589151,35.49276702,Muscat,23.60069209,58.28890729
Karachi,Pakistan,24.860735,67.001137,Duqm,19.50340891,57.63664505,Muscat,23.60069209,58.28890729
Karachi,Pakistan,24.860735,67.001137,Riyadh,24.9604887,46.70212343,Muscat,23.60069209,58.28890729
Karachi,Pakistan,24.860735,67.001137,Mashhad,32.73998,35.32387,Muscat,23.60069209,58.28890729
Karachi,Pakistan,24.860735,67.001137,Fujairah,25.176729,56.355046,Muscat,23.60069209,58.28890729
Karachi,Pakistan,24.860735,67.001137,Medina,24.470901,39.612236,Muscat,23.60069209,58.28890729
Kuwait,Kuwait,29.2403852,47.97091705,Bangkok,13.69239184,100.750564,Muscat,23.60069209,58.28890729
Kuwait,Kuwait,29.2403852,47.97091705,Salalah,17.04695823,54.08804568,Muscat,23.60069209,58.28890729
Kuwait,Kuwait,29.2403852,47.97091705,Dhaka,23.8432299,90.40206514,Muscat,23.60069209,58.28890729
Kuwait,Kuwait,29.2403852,47.97091705,Hyderabad ,17.361431,78.474533,Muscat,23.60069209,58.28890729
Kuwait,Kuwait,29.2403852,47.97091705,Colombo,7.180070835,79.88417006,Muscat,23.60069209,58.28890729
Kuwait,Kuwait,29.2403852,47.97091705,Calicut,11.13956658,75.95121222,Muscat,23.60069209,58.28890729
Kuwait,Kuwait,29.2403852,47.97091705,Jaipur,26.82818436,75.80569051,Muscat,23.60069209,58.28890729
Kuwait,Kuwait,29.2403852,47.97091705,Chittagong,22.24575776,91.81446412,Muscat,23.60069209,58.28890729
Kuwait,Kuwait,29.2403852,47.97091705,Phuket,8.105340192,98.30522515,Muscat,23.60069209,58.28890729
Kuwait,Kuwait,29.2403852,47.97091705,Karachi,24.860735,67.001137,Muscat,23.60069209,58.28890729
Kuwait,Kuwait,29.2403852,47.97091705,Duqm,19.50340891,57.63664505,Muscat,23.60069209,58.28890729
Kuwait,Kuwait,29.2403852,47.97091705,Multan,30.157457,71.524918,Muscat,23.60069209,58.28890729
Kuwait,Kuwait,29.2403852,47.97091705,Peshawar,34.015137,71.524918,Muscat,23.60069209,58.28890729
Kuwait,Kuwait,29.2403852,47.97091705,Lucknow,26.76527649,80.88533803,Muscat,23.60069209,58.28890729
Kuwait,Kuwait,29.2403852,47.97091705,Delhi,28.55629445,77.09960824,Muscat,23.60069209,58.28890729
Kuwait,Kuwait,29.2403852,47.97091705,Almaty,43.34651814,77.0119939,Muscat,23.60069209,58.28890729
Kuwait,Kuwait,29.2403852,47.97091705,Masirah,20.42498128,58.79658312,Muscat,23.60069209,58.28890729
Kuwait,Kuwait,29.2403852,47.97091705,Sialkot,32.532569,74.36766744,Muscat,23.60069209,58.28890729
Kuwait,Kuwait,29.2403852,47.97091705,Fujairah,25.176729,56.355046,Muscat,23.60069209,58.28890729
Kuwait,Kuwait,29.2403852,47.97091705,Islamabad ,33.55620027,72.83441615,Muscat,23.60069209,58.28890729
Kuwait,Kuwait,29.2403852,47.97091705,Lahore,31.52061463,74.41178216,Muscat,23.60069209,58.28890729
Kuwait,Kuwait,29.2403852,47.97091705,Chennai,12.98104406,80.15937623,Muscat,23.60069209,58.28890729
Lahore,Pakistan,31.52061463,74.41178216,Salalah,17.04695823,54.08804568,Muscat,23.60069209,58.28890729
Lahore,Pakistan,31.52061463,74.41178216,Duqm,19.50340891,57.63664505,Muscat,23.60069209,58.28890729
Lahore,Pakistan,31.52061463,74.41178216,Jeddah ,21.6830091,39.16634979,Muscat,23.60069209,58.28890729
Lahore,Pakistan,31.52061463,74.41178216,Dubai,25.07725,55.30927,Muscat,23.60069209,58.28890729
Lahore,Pakistan,31.52061463,74.41178216,Fujairah,25.176729,56.355046,Muscat,23.60069209,58.28890729
Lahore,Pakistan,31.52061463,74.41178216,Bharain,26.26741558,50.63001447,Muscat,23.60069209,58.28890729
Lahore,Pakistan,31.52061463,74.41178216,Dammam,26.4731379,49.79453543,Muscat,23.60069209,58.28890729
Lahore,Pakistan,31.52061463,74.41178216,Istanbul (Sabiha),41.27677836,28.72996804,Muscat,23.60069209,58.28890729
Lahore,Pakistan,31.52061463,74.41178216,Bairut,33.82589151,35.49276702,Muscat,23.60069209,58.28890729
Lahore,Pakistan,31.52061463,74.41178216,Kuwait,29.2403852,47.97091705,Muscat,23.60069209,58.28890729
Lahore,Pakistan,31.52061463,74.41178216,Tehran ,35.40981184,51.15535079,Muscat,23.60069209,58.28890729
Lahore,Pakistan,31.52061463,74.41178216,Trabzon ,41.0020719,39.7192164,Muscat,23.60069209,58.28890729
Lahore,Pakistan,31.52061463,74.41178216,Doha,25.2677098,51.55819875,Muscat,23.60069209,58.28890729
Lahore,Pakistan,31.52061463,74.41178216,Shiraz,29.60704,52.524651,Muscat,23.60069209,58.28890729
Lahore,Pakistan,31.52061463,74.41178216,Baghdad ,33.26771992,44.23077194,Muscat,23.60069209,58.28890729
Lahore,Pakistan,31.52061463,74.41178216,Tirana,41.41926081,19.71299069,Muscat,23.60069209,58.28890729
Lahore,Pakistan,31.52061463,74.41178216,Cairo (SPX) ,30.10754038,30.88667988,Muscat,23.60069209,58.28890729
Lahore,Pakistan,31.52061463,74.41178216,Masirah,20.42498128,58.79658312,Muscat,23.60069209,58.28890729
Lahore,Pakistan,31.52061463,74.41178216,Baku,40.409264,49.867092,Muscat,23.60069209,58.28890729
Lahore,Pakistan,31.52061463,74.41178216,Riyadh,24.9604887,46.70212343,Muscat,23.60069209,58.28890729
Lucknow,India,26.76527649,80.88533803,Kuwait,29.2403852,47.97091705,Muscat,23.60069209,58.28890729
Lucknow,India,26.76527649,80.88533803,Cairo (SPX) ,30.10754038,30.88667988,Muscat,23.60069209,58.28890729
Lucknow,India,26.76527649,80.88533803,Jeddah ,21.6830091,39.16634979,Muscat,23.60069209,58.28890729
Lucknow,India,26.76527649,80.88533803,Masirah,20.42498128,58.79658312,Muscat,23.60069209,58.28890729
Lucknow,India,26.76527649,80.88533803,Baku,40.409264,49.867092,Muscat,23.60069209,58.28890729
Lucknow,India,26.76527649,80.88533803,Salalah,17.04695823,54.08804568,Muscat,23.60069209,58.28890729
Lucknow,India,26.76527649,80.88533803,Dammam,26.4731379,49.79453543,Muscat,23.60069209,58.28890729
Lucknow,India,26.76527649,80.88533803,Trabzon ,41.0020719,39.7192164,Muscat,23.60069209,58.28890729
Lucknow,India,26.76527649,80.88533803,Doha,25.2677098,51.55819875,Muscat,23.60069209,58.28890729
Lucknow,India,26.76527649,80.88533803,Bharain,26.26741558,50.63001447,Muscat,23.60069209,58.28890729
Lucknow,India,26.76527649,80.88533803,Dubai,25.07725,55.30927,Muscat,23.60069209,58.28890729
Lucknow,India,26.76527649,80.88533803,Istanbul (Sabiha),41.27677836,28.72996804,Muscat,23.60069209,58.28890729
Lucknow,India,26.76527649,80.88533803,Riyadh,24.9604887,46.70212343,Muscat,23.60069209,58.28890729
Lucknow,India,26.76527649,80.88533803,Tehran ,35.40981184,51.15535079,Muscat,23.60069209,58.28890729
Lucknow,India,26.76527649,80.88533803,Shiraz,29.60704,52.524651,Muscat,23.60069209,58.28890729
Lucknow,India,26.76527649,80.88533803,Baghdad ,33.26771992,44.23077194,Muscat,23.60069209,58.28890729
Chennai,India,12.98104406,80.15937623,Jeddah ,21.6830091,39.16634979,Muscat,23.60069209,58.28890729
Chennai,India,12.98104406,80.15937623,Dubai,25.07725,55.30927,Muscat,23.60069209,58.28890729
Chennai,India,12.98104406,80.15937623,Bharain,26.26741558,50.63001447,Muscat,23.60069209,58.28890729
Chennai,India,12.98104406,80.15937623,Dammam,26.4731379,49.79453543,Muscat,23.60069209,58.28890729
Chennai,India,12.98104406,80.15937623,Istanbul (Sabiha),41.27677836,28.72996804,Muscat,23.60069209,58.28890729
Chennai,India,12.98104406,80.15937623,Baghdad ,33.26771992,44.23077194,Muscat,23.60069209,58.28890729
Chennai,India,12.98104406,80.15937623,Medina,24.470901,39.612236,Muscat,23.60069209,58.28890729
Chennai,India,12.98104406,80.15937623,Salalah,17.04695823,54.08804568,Muscat,23.60069209,58.28890729
Chennai,India,12.98104406,80.15937623,Kuwait,29.2403852,47.97091705,Muscat,23.60069209,58.28890729
Chennai,India,12.98104406,80.15937623,Tehran ,35.40981184,51.15535079,Muscat,23.60069209,58.28890729
Chennai,India,12.98104406,80.15937623,Trabzon ,41.0020719,39.7192164,Muscat,23.60069209,58.28890729
Chennai,India,12.98104406,80.15937623,Doha,25.2677098,51.55819875,Muscat,23.60069209,58.28890729
Chennai,India,12.98104406,80.15937623,Shiraz,29.60704,52.524651,Muscat,23.60069209,58.28890729
Chennai,India,12.98104406,80.15937623,Riyadh,24.9604887,46.70212343,Muscat,23.60069209,58.28890729
Chennai,India,12.98104406,80.15937623,Mashhad,32.73998,35.32387,Muscat,23.60069209,58.28890729
Chennai,India,12.98104406,80.15937623,Baku,40.409264,49.867092,Muscat,23.60069209,58.28890729
Medina,Saudi Arabia,24.470901,39.612236,Jaipur,26.82818436,75.80569051,Muscat,23.60069209,58.28890729
Medina,Saudi Arabia,24.470901,39.612236,Chittagong,22.24575776,91.81446412,Muscat,23.60069209,58.28890729
Medina,Saudi Arabia,24.470901,39.612236,Lucknow,26.76527649,80.88533803,Muscat,23.60069209,58.28890729
Medina,Saudi Arabia,24.470901,39.612236,Phuket,8.105340192,98.30522515,Muscat,23.60069209,58.28890729
Medina,Saudi Arabia,24.470901,39.612236,Karachi,24.860735,67.001137,Muscat,23.60069209,58.28890729
Medina,Saudi Arabia,24.470901,39.612236,Delhi,28.55629445,77.09960824,Muscat,23.60069209,58.28890729
Medina,Saudi Arabia,24.470901,39.612236,Duqm,19.50340891,57.63664505,Muscat,23.60069209,58.28890729
Medina,Saudi Arabia,24.470901,39.612236,Salalah,17.04695823,54.08804568,Muscat,23.60069209,58.28890729
Medina,Saudi Arabia,24.470901,39.612236,Mashhad,32.73998,35.32387,Muscat,23.60069209,58.28890729
Medina,Saudi Arabia,24.470901,39.612236,Almaty,43.34651814,77.0119939,Muscat,23.60069209,58.28890729
Medina,Saudi Arabia,24.470901,39.612236,Bangkok,13.69239184,100.750564,Muscat,23.60069209,58.28890729
Medina,Saudi Arabia,24.470901,39.612236,Dhaka,23.8432299,90.40206514,Muscat,23.60069209,58.28890729
Medina,Saudi Arabia,24.470901,39.612236,Colombo,7.180070835,79.88417006,Muscat,23.60069209,58.28890729
Medina,Saudi Arabia,24.470901,39.612236,Calicut,11.13956658,75.95121222,Muscat,23.60069209,58.28890729
Medina,Saudi Arabia,24.470901,39.612236,Multan,30.157457,71.524918,Muscat,23.60069209,58.28890729
Medina,Saudi Arabia,24.470901,39.612236,Dubai,25.07725,55.30927,Muscat,23.60069209,58.28890729
Medina,Saudi Arabia,24.470901,39.612236,Hyderabad ,17.361431,78.474533,Muscat,23.60069209,58.28890729
Medina,Saudi Arabia,24.470901,39.612236,Islamabad ,33.55620027,72.83441615,Muscat,23.60069209,58.28890729
Medina,Saudi Arabia,32.73998,35.32387,Fujairah,25.176729,56.355046,Muscat,23.60069209,58.28890729
Mashhad,Iran,32.73998,35.32387,Jeddah ,21.6830091,39.16634979,Muscat,23.60069209,58.28890729
Mashhad,Iran,32.73998,35.32387,Dubai,25.07725,55.30927,Muscat,23.60069209,58.28890729
Mashhad,Iran,32.73998,35.32387,Doha,25.2677098,51.55819875,Muscat,23.60069209,58.28890729
Mashhad,Iran,32.73998,35.32387,Bharain,26.26741558,50.63001447,Muscat,23.60069209,58.28890729
Mashhad,Iran,32.73998,35.32387,Salalah,17.04695823,54.08804568,Muscat,23.60069209,58.28890729
Mashhad,Iran,32.73998,35.32387,Phuket,8.105340192,98.30522515,Muscat,23.60069209,58.28890729
Mashhad,Iran,32.73998,35.32387,Dhaka,23.8432299,90.40206514,Muscat,23.60069209,58.28890729
Mashhad,Iran,32.73998,35.32387,Hyderabad ,17.361431,78.474533,Muscat,23.60069209,58.28890729
Mashhad,Iran,32.73998,35.32387,Colombo,7.180070835,79.88417006,Muscat,23.60069209,58.28890729
Mashhad,Iran,32.73998,35.32387,Calicut,11.13956658,75.95121222,Muscat,23.60069209,58.28890729
Mashhad,Iran,32.73998,35.32387,Chittagong,22.24575776,91.81446412,Muscat,23.60069209,58.28890729
Mashhad,Iran,32.73998,35.32387,Bangkok,13.69239184,100.750564,Muscat,23.60069209,58.28890729
Mashhad,Iran,32.73998,35.32387,Karachi,24.860735,67.001137,Muscat,23.60069209,58.28890729
Mashhad,Iran,32.73998,35.32387,Duqm,19.50340891,57.63664505,Muscat,23.60069209,58.28890729
Mashhad,Iran,32.73998,35.32387,Tirana,41.41926081,19.71299069,Muscat,23.60069209,58.28890729
Mashhad,Iran,32.73998,35.32387,Fujairah,25.176729,56.355046,Muscat,23.60069209,58.28890729
Mashhad,Iran,32.73998,35.32387,Medina,24.470901,39.612236,Muscat,23.60069209,58.28890729
Masirah,Oman,20.42498128,58.79658312,Chittagong,22.24575776,91.81446412,Muscat,23.60069209,58.28890729
Masirah,Oman,20.42498128,58.79658312,Lucknow,26.76527649,80.88533803,Muscat,23.60069209,58.28890729
Masirah,Oman,20.42498128,58.79658312,Bangkok,13.69239184,100.750564,Muscat,23.60069209,58.28890729
Masirah,Oman,20.42498128,58.79658312,Karachi,24.860735,67.001137,Muscat,23.60069209,58.28890729
Masirah,Oman,20.42498128,58.79658312,Dammam,26.4731379,49.79453543,Muscat,23.60069209,58.28890729
Masirah,Oman,20.42498128,58.79658312,Istanbul (Sabiha),41.27677836,28.72996804,Muscat,23.60069209,58.28890729
Masirah,Oman,20.42498128,58.79658312,Jeddah ,21.6830091,39.16634979,Muscat,23.60069209,58.28890729
Masirah,Oman,20.42498128,58.79658312,Riyadh,24.9604887,46.70212343,Muscat,23.60069209,58.28890729
Masirah,Oman,20.42498128,58.79658312,Dhaka,23.8432299,90.40206514,Muscat,23.60069209,58.28890729
Masirah,Oman,20.42498128,58.79658312,Hyderabad ,17.361431,78.474533,Muscat,23.60069209,58.28890729
Masirah,Oman,20.42498128,58.79658312,Colombo,7.180070835,79.88417006,Muscat,23.60069209,58.28890729
Masirah,Oman,20.42498128,58.79658312,Calicut,11.13956658,75.95121222,Muscat,23.60069209,58.28890729
Masirah,Oman,20.42498128,58.79658312,Peshawar,34.015137,71.524918,Muscat,23.60069209,58.28890729
Masirah,Oman,20.42498128,58.79658312,Bharain,26.26741558,50.63001447,Muscat,23.60069209,58.28890729
Masirah,Oman,20.42498128,58.79658312,Chennai,12.98104406,80.15937623,Muscat,23.60069209,58.28890729
Masirah,Oman,20.42498128,58.79658312,Lahore,31.52061463,74.41178216,Muscat,23.60069209,58.28890729
Masirah,Oman,20.42498128,58.79658312,Phuket,8.105340192,98.30522515,Muscat,23.60069209,58.28890729
Masirah,Oman,20.42498128,58.79658312,Baghdad ,33.26771992,44.23077194,Muscat,23.60069209,58.28890729
Multan,Pakistan,30.157457,71.524918,Tehran ,35.40981184,51.15535079,Muscat,23.60069209,58.28890729
Multan,Pakistan,30.157457,71.524918,Shiraz,29.60704,52.524651,Muscat,23.60069209,58.28890729
Multan,Pakistan,30.157457,71.524918,Jeddah ,21.6830091,39.16634979,Muscat,23.60069209,58.28890729
Multan,Pakistan,30.157457,71.524918,Baghdad ,33.26771992,44.23077194,Muscat,23.60069209,58.28890729
Multan,Pakistan,30.157457,71.524918,Tirana,41.41926081,19.71299069,Muscat,23.60069209,58.28890729
Multan,Pakistan,30.157457,71.524918,Doha,25.2677098,51.55819875,Muscat,23.60069209,58.28890729
Multan,Pakistan,30.157457,71.524918,Bharain,26.26741558,50.63001447,Muscat,23.60069209,58.28890729
Multan,Pakistan,30.157457,71.524918,Kuwait,29.2403852,47.97091705,Muscat,23.60069209,58.28890729
Multan,Pakistan,30.157457,71.524918,Cairo (SPX) ,30.10754038,30.88667988,Muscat,23.60069209,58.28890729
Multan,Pakistan,30.157457,71.524918,Masirah,20.42498128,58.79658312,Muscat,23.60069209,58.28890729
Multan,Pakistan,30.157457,71.524918,Baku,40.409264,49.867092,Muscat,23.60069209,58.28890729
Multan,Pakistan,30.157457,71.524918,Salalah,17.04695823,54.08804568,Muscat,23.60069209,58.28890729
Multan,Pakistan,30.157457,71.524918,Dammam,26.4731379,49.79453543,Muscat,23.60069209,58.28890729
Multan,Pakistan,30.157457,71.524918,Trabzon ,41.0020719,39.7192164,Muscat,23.60069209,58.28890729
Multan,Pakistan,30.157457,71.524918,Dubai,25.07725,55.30927,Muscat,23.60069209,58.28890729
Multan,Pakistan,30.157457,71.524918,Bairut,33.82589151,35.49276702,Muscat,23.60069209,58.28890729
Multan,Pakistan,30.157457,71.524918,Duqm,19.50340891,57.63664505,Muscat,23.60069209,58.28890729
Multan,Pakistan,30.157457,71.524918,Fujairah,25.176729,56.355046,Muscat,23.60069209,58.28890729
Peshawar,Pakistan,34.015137,71.524918,Salalah,17.04695823,54.08804568,Muscat,23.60069209,58.28890729
Peshawar,Pakistan,34.015137,71.524918,Dammam,26.4731379,49.79453543,Muscat,23.60069209,58.28890729
Peshawar,Pakistan,34.015137,71.524918,Istanbul (Sabiha),41.27677836,28.72996804,Muscat,23.60069209,58.28890729
Peshawar,Pakistan,34.015137,71.524918,Jeddah ,21.6830091,39.16634979,Muscat,23.60069209,58.28890729
Peshawar,Pakistan,34.015137,71.524918,Riyadh,24.9604887,46.70212343,Muscat,23.60069209,58.28890729
Peshawar,Pakistan,34.015137,71.524918,Doha,25.2677098,51.55819875,Muscat,23.60069209,58.28890729
Peshawar,Pakistan,34.015137,71.524918,Bharain,26.26741558,50.63001447,Muscat,23.60069209,58.28890729
Peshawar,Pakistan,34.015137,71.524918,Phuket,8.105340192,98.30522515,Muscat,23.60069209,58.28890729
Peshawar,Pakistan,34.015137,71.524918,Dubai,25.07725,55.30927,Muscat,23.60069209,58.28890729
Peshawar,Pakistan,34.015137,71.524918,Shiraz,29.60704,52.524651,Muscat,23.60069209,58.28890729
Peshawar,Pakistan,34.015137,71.524918,Colombo,7.180070835,79.88417006,Muscat,23.60069209,58.28890729
Peshawar,Pakistan,34.015137,71.524918,Calicut,11.13956658,75.95121222,Muscat,23.60069209,58.28890729
Peshawar,Pakistan,34.015137,71.524918,Duqm,19.50340891,57.63664505,Muscat,23.60069209,58.28890729
Peshawar,Pakistan,34.015137,71.524918,Fujairah,25.176729,56.355046,Muscat,23.60069209,58.28890729
Peshawar,Pakistan,34.015137,71.524918,Bairut,33.82589151,35.49276702,Muscat,23.60069209,58.28890729
Peshawar,Pakistan,34.015137,71.524918,Kuwait,29.2403852,47.97091705,Muscat,23.60069209,58.28890729
Peshawar,Pakistan,34.015137,71.524918,Trabzon ,41.0020719,39.7192164,Muscat,23.60069209,58.28890729
Peshawar,Pakistan,34.015137,71.524918,Baghdad ,33.26771992,44.23077194,Muscat,23.60069209,58.28890729
Riyadh,Saudi Arabia,24.9604887,46.70212343,Duqm,19.50340891,57.63664505,Muscat,23.60069209,58.28890729
Riyadh,Saudi Arabia,24.9604887,46.70212343,Bangkok,13.69239184,100.750564,Muscat,23.60069209,58.28890729
Riyadh,Saudi Arabia,24.9604887,46.70212343,Dhaka,23.8432299,90.40206514,Muscat,23.60069209,58.28890729
Riyadh,Saudi Arabia,24.9604887,46.70212343,Hyderabad ,17.361431,78.474533,Muscat,23.60069209,58.28890729
Riyadh,Saudi Arabia,24.9604887,46.70212343,Colombo,7.180070835,79.88417006,Muscat,23.60069209,58.28890729
Riyadh,Saudi Arabia,24.9604887,46.70212343,Calicut,11.13956658,75.95121222,Muscat,23.60069209,58.28890729
Riyadh,Saudi Arabia,24.9604887,46.70212343,Peshawar,34.015137,71.524918,Muscat,23.60069209,58.28890729
Riyadh,Saudi Arabia,24.9604887,46.70212343,Sialkot,32.532569,74.36766744,Muscat,23.60069209,58.28890729
Riyadh,Saudi Arabia,24.9604887,46.70212343,Jaipur,26.82818436,75.80569051,Muscat,23.60069209,58.28890729
Riyadh,Saudi Arabia,24.9604887,46.70212343,Chittagong,22.24575776,91.81446412,Muscat,23.60069209,58.28890729
Riyadh,Saudi Arabia,24.9604887,46.70212343,Karachi,24.860735,67.001137,Muscat,23.60069209,58.28890729
Riyadh,Saudi Arabia,24.9604887,46.70212343,Fujairah,25.176729,56.355046,Muscat,23.60069209,58.28890729
Riyadh,Saudi Arabia,24.9604887,46.70212343,Mashhad,32.73998,35.32387,Muscat,23.60069209,58.28890729
Riyadh,Saudi Arabia,24.9604887,46.70212343,Almaty,43.34651814,77.0119939,Muscat,23.60069209,58.28890729
Riyadh,Saudi Arabia,24.9604887,46.70212343,Lahore,31.52061463,74.41178216,Muscat,23.60069209,58.28890729
Riyadh,Saudi Arabia,24.9604887,46.70212343,Chennai,12.98104406,80.15937623,Muscat,23.60069209,58.28890729
Riyadh,Saudi Arabia,24.9604887,46.70212343,Islamabad ,33.55620027,72.83441615,Muscat,23.60069209,58.28890729
Riyadh,Saudi Arabia,24.9604887,46.70212343,Phuket,8.105340192,98.30522515,Muscat,23.60069209,58.28890729
Istanbul (Sabiha),Turkey,41.27677836,28.72996804,Jaipur,26.82818436,75.80569051,Muscat,23.60069209,58.28890729
Istanbul (Sabiha),Turkey,41.27677836,28.72996804,Chittagong,22.24575776,91.81446412,Muscat,23.60069209,58.28890729
Istanbul (Sabiha),Turkey,41.27677836,28.72996804,Phuket,8.105340192,98.30522515,Muscat,23.60069209,58.28890729
Istanbul (Sabiha),Turkey,41.27677836,28.72996804,Karachi,24.860735,67.001137,Muscat,23.60069209,58.28890729
Istanbul (Sabiha),Turkey,41.27677836,28.72996804,Salalah,17.04695823,54.08804568,Muscat,23.60069209,58.28890729
Istanbul (Sabiha),Turkey,41.27677836,28.72996804,Dubai,25.07725,55.30927,Muscat,23.60069209,58.28890729
Istanbul (Sabiha),Turkey,41.27677836,28.72996804,Doha,25.2677098,51.55819875,Muscat,23.60069209,58.28890729
Istanbul (Sabiha),Turkey,41.27677836,28.72996804,Duqm,19.50340891,57.63664505,Muscat,23.60069209,58.28890729
Istanbul (Sabiha),Turkey,41.27677836,28.72996804,Bangkok,13.69239184,100.750564,Muscat,23.60069209,58.28890729
Istanbul (Sabiha),Turkey,41.27677836,28.72996804,Dhaka,23.8432299,90.40206514,Muscat,23.60069209,58.28890729
Istanbul (Sabiha),Turkey,41.27677836,28.72996804,Hyderabad ,17.361431,78.474533,Muscat,23.60069209,58.28890729
Istanbul (Sabiha),Turkey,41.27677836,28.72996804,Colombo,7.180070835,79.88417006,Muscat,23.60069209,58.28890729
Istanbul (Sabiha),Turkey,41.27677836,28.72996804,Calicut,11.13956658,75.95121222,Muscat,23.60069209,58.28890729
Istanbul (Sabiha),Turkey,41.27677836,28.72996804,Multan,30.157457,71.524918,Muscat,23.60069209,58.28890729
Istanbul (Sabiha),Turkey,41.27677836,28.72996804,Sialkot,32.532569,74.36766744,Muscat,23.60069209,58.28890729
Istanbul (Sabiha),Turkey,41.27677836,28.72996804,Fujairah,25.176729,56.355046,Muscat,23.60069209,58.28890729
Istanbul (Sabiha),Turkey,41.27677836,28.72996804,Lucknow,26.76527649,80.88533803,Muscat,23.60069209,58.28890729
Istanbul (Sabiha),Turkey,41.27677836,28.72996804,Delhi,28.55629445,77.09960824,Muscat,23.60069209,58.28890729
Istanbul (Sabiha),Turkey,41.27677836,28.72996804,Almaty,43.34651814,77.0119939,Muscat,23.60069209,58.28890729
Istanbul (Sabiha),Turkey,41.27677836,28.72996804,Masirah,20.42498128,58.79658312,Muscat,23.60069209,58.28890729
Istanbul (Sabiha),Turkey,41.27677836,28.72996804,Islamabad ,33.55620027,72.83441615,Muscat,23.60069209,58.28890729
Istanbul (Sabiha),Turkey,41.27677836,28.72996804,Lahore,31.52061463,74.41178216,Muscat,23.60069209,58.28890729
Sialkot,Pakistan,32.532569,74.36766744,Jeddah ,21.6830091,39.16634979,Muscat,23.60069209,58.28890729
Sialkot,Pakistan,32.532569,74.36766744,Dubai,25.07725,55.30927,Muscat,23.60069209,58.28890729
Sialkot,Pakistan,32.532569,74.36766744,Baghdad ,33.26771992,44.23077194,Muscat,23.60069209,58.28890729
Sialkot,Pakistan,32.532569,74.36766744,Doha,25.2677098,51.55819875,Muscat,23.60069209,58.28890729
Sialkot,Pakistan,32.532569,74.36766744,Bharain,26.26741558,50.63001447,Muscat,23.60069209,58.28890729
Sialkot,Pakistan,32.532569,74.36766744,Dammam,26.4731379,49.79453543,Muscat,23.60069209,58.28890729
Sialkot,Pakistan,32.532569,74.36766744,Salalah,17.04695823,54.08804568,Muscat,23.60069209,58.28890729
Sialkot,Pakistan,32.532569,74.36766744,Istanbul (Sabiha),41.27677836,28.72996804,Muscat,23.60069209,58.28890729
Sialkot,Pakistan,32.532569,74.36766744,Kuwait,29.2403852,47.97091705,Muscat,23.60069209,58.28890729
Sialkot,Pakistan,32.532569,74.36766744,Tehran ,35.40981184,51.15535079,Muscat,23.60069209,58.28890729
Sialkot,Pakistan,32.532569,74.36766744,Trabzon ,41.0020719,39.7192164,Muscat,23.60069209,58.28890729
Sialkot,Pakistan,32.532569,74.36766744,Shiraz,29.60704,52.524651,Muscat,23.60069209,58.28890729
Sialkot,Pakistan,32.532569,74.36766744,Tirana,41.41926081,19.71299069,Muscat,23.60069209,58.28890729
Sialkot,Pakistan,32.532569,74.36766744,Fujairah,25.176729,56.355046,Muscat,23.60069209,58.28890729
Sialkot,Pakistan,32.532569,74.36766744,Medina,24.470901,39.612236,Muscat,23.60069209,58.28890729
Sialkot,Pakistan,32.532569,74.36766744,Riyadh,24.9604887,46.70212343,Muscat,23.60069209,58.28890729
Sialkot,Pakistan,32.532569,74.36766744,Bairut,33.82589151,35.49276702,Muscat,23.60069209,58.28890729
Salalah,Oman,17.04695823,54.08804568,Sialkot,32.532569,74.36766744,Muscat,23.60069209,58.28890729
Salalah,Oman,17.04695823,54.08804568,Mashhad,32.73998,35.32387,Muscat,23.60069209,58.28890729
Salalah,Oman,17.04695823,54.08804568,Jaipur,26.82818436,75.80569051,Muscat,23.60069209,58.28890729
Salalah,Oman,17.04695823,54.08804568,Chittagong,22.24575776,91.81446412,Muscat,23.60069209,58.28890729
Salalah,Oman,17.04695823,54.08804568,Bangkok,13.69239184,100.750564,Muscat,23.60069209,58.28890729
Salalah,Oman,17.04695823,54.08804568,Karachi,24.860735,67.001137,Muscat,23.60069209,58.28890729
Salalah,Oman,17.04695823,54.08804568,Almaty,43.34651814,77.0119939,Muscat,23.60069209,58.28890729
Salalah,Oman,17.04695823,54.08804568,Dubai,25.07725,55.30927,Muscat,23.60069209,58.28890729
Salalah,Oman,17.04695823,54.08804568,Baghdad ,33.26771992,44.23077194,Muscat,23.60069209,58.28890729
Salalah,Oman,17.04695823,54.08804568,Bharain,26.26741558,50.63001447,Muscat,23.60069209,58.28890729
Salalah,Oman,17.04695823,54.08804568,Dammam,26.4731379,49.79453543,Muscat,23.60069209,58.28890729
Salalah,Oman,17.04695823,54.08804568,Istanbul (Sabiha),41.27677836,28.72996804,Muscat,23.60069209,58.28890729
Salalah,Oman,17.04695823,54.08804568,Kuwait,29.2403852,47.97091705,Muscat,23.60069209,58.28890729
Salalah,Oman,17.04695823,54.08804568,Tehran ,35.40981184,51.15535079,Muscat,23.60069209,58.28890729
Salalah,Oman,17.04695823,54.08804568,Trabzon ,41.0020719,39.7192164,Muscat,23.60069209,58.28890729
Salalah,Oman,17.04695823,54.08804568,Phuket,8.105340192,98.30522515,Muscat,23.60069209,58.28890729
Salalah,Oman,17.04695823,54.08804568,Dhaka,23.8432299,90.40206514,Muscat,23.60069209,58.28890729
Salalah,Oman,17.04695823,54.08804568,Hyderabad ,17.361431,78.474533,Muscat,23.60069209,58.28890729
Salalah,Oman,17.04695823,54.08804568,Colombo,7.180070835,79.88417006,Muscat,23.60069209,58.28890729
Salalah,Oman,17.04695823,54.08804568,Calicut,11.13956658,75.95121222,Muscat,23.60069209,58.28890729
Salalah,Oman,17.04695823,54.08804568,Shiraz,29.60704,52.524651,Muscat,23.60069209,58.28890729
Salalah,Oman,17.04695823,54.08804568,Multan,30.157457,71.524918,Muscat,23.60069209,58.28890729
Salalah,Oman,17.04695823,54.08804568,Bairut,33.82589151,35.49276702,Muscat,23.60069209,58.28890729
Salalah,Oman,17.04695823,54.08804568,Cairo (SPX) ,30.10754038,30.88667988,Muscat,23.60069209,58.28890729
Salalah,Oman,17.04695823,54.08804568,Peshawar,34.015137,71.524918,Muscat,23.60069209,58.28890729
Salalah,Oman,17.04695823,54.08804568,Lucknow,26.76527649,80.88533803,Muscat,23.60069209,58.28890729
Salalah,Oman,17.04695823,54.08804568,Baku,40.409264,49.867092,Muscat,23.60069209,58.28890729
Salalah,Oman,17.04695823,54.08804568,Tirana,41.41926081,19.71299069,Muscat,23.60069209,58.28890729
Salalah,Oman,17.04695823,54.08804568,Fujairah,25.176729,56.355046,Muscat,23.60069209,58.28890729
Salalah,Oman,17.04695823,54.08804568,Medina,24.470901,39.612236,Muscat,23.60069209,58.28890729
Salalah,Oman,17.04695823,54.08804568,Delhi,28.55629445,77.09960824,Muscat,23.60069209,58.28890729
Salalah,Oman,17.04695823,54.08804568,Islamabad ,33.55620027,72.83441615,Muscat,23.60069209,58.28890729
Salalah,Oman,17.04695823,54.08804568,Lahore,31.52061463,74.41178216,Muscat,23.60069209,58.28890729
Salalah,Oman,17.04695823,54.08804568,Chennai,12.98104406,80.15937623,Muscat,23.60069209,58.28890729
Cairo (SPX) ,Eygpt,30.10754038,30.88667988,Sialkot,32.532569,74.36766744,Muscat,23.60069209,58.28890729
Cairo (SPX) ,Eygpt,30.10754038,30.88667988,Mashhad,32.73998,35.32387,Muscat,23.60069209,58.28890729
Cairo (SPX) ,Eygpt,30.10754038,30.88667988,Jaipur,26.82818436,75.80569051,Muscat,23.60069209,58.28890729
Cairo (SPX) ,Eygpt,30.10754038,30.88667988,Chittagong,22.24575776,91.81446412,Muscat,23.60069209,58.28890729
Cairo (SPX) ,Eygpt,30.10754038,30.88667988,Bangkok,13.69239184,100.750564,Muscat,23.60069209,58.28890729
Cairo (SPX) ,Eygpt,30.10754038,30.88667988,Karachi,24.860735,67.001137,Muscat,23.60069209,58.28890729
Cairo (SPX) ,Eygpt,30.10754038,30.88667988,Almaty,43.34651814,77.0119939,Muscat,23.60069209,58.28890729
Cairo (SPX) ,Eygpt,30.10754038,30.88667988,Dubai,25.07725,55.30927,Muscat,23.60069209,58.28890729
Cairo (SPX) ,Eygpt,30.10754038,30.88667988,Salalah,17.04695823,54.08804568,Muscat,23.60069209,58.28890729
Cairo (SPX) ,Eygpt,30.10754038,30.88667988,Phuket,8.105340192,98.30522515,Muscat,23.60069209,58.28890729
Cairo (SPX) ,Eygpt,30.10754038,30.88667988,Lucknow,26.76527649,80.88533803,Muscat,23.60069209,58.28890729
Cairo (SPX) ,Eygpt,30.10754038,30.88667988,Duqm,19.50340891,57.63664505,Muscat,23.60069209,58.28890729
Cairo (SPX) ,Eygpt,30.10754038,30.88667988,Peshawar,34.015137,71.524918,Muscat,23.60069209,58.28890729
Cairo (SPX) ,Eygpt,30.10754038,30.88667988,Fujairah,25.176729,56.355046,Muscat,23.60069209,58.28890729
Cairo (SPX) ,Eygpt,30.10754038,30.88667988,Lahore,31.52061463,74.41178216,Muscat,23.60069209,58.28890729
Cairo (SPX) ,Eygpt,30.10754038,30.88667988,Chennai,12.98104406,80.15937623,Muscat,23.60069209,58.28890729
Cairo (SPX) ,Eygpt,30.10754038,30.88667988,Islamabad ,33.55620027,72.83441615,Muscat,23.60069209,58.28890729
Shiraz,Iran,29.60704,52.524651,Salalah,17.04695823,54.08804568,Muscat,23.60069209,58.28890729
Shiraz,Iran,29.60704,52.524651,Bangkok,13.69239184,100.750564,Muscat,23.60069209,58.28890729
Shiraz,Iran,29.60704,52.524651,Dhaka,23.8432299,90.40206514,Muscat,23.60069209,58.28890729
Shiraz,Iran,29.60704,52.524651,Hyderabad ,17.361431,78.474533,Muscat,23.60069209,58.28890729
Shiraz,Iran,29.60704,52.524651,Colombo,7.180070835,79.88417006,Muscat,23.60069209,58.28890729
Shiraz,Iran,29.60704,52.524651,Calicut,11.13956658,75.95121222,Muscat,23.60069209,58.28890729
Shiraz,Iran,29.60704,52.524651,Jaipur,26.82818436,75.80569051,Muscat,23.60069209,58.28890729
Shiraz,Iran,29.60704,52.524651,Chittagong,22.24575776,91.81446412,Muscat,23.60069209,58.28890729
Shiraz,Iran,29.60704,52.524651,Phuket,8.105340192,98.30522515,Muscat,23.60069209,58.28890729
Shiraz,Iran,29.60704,52.524651,Karachi,24.860735,67.001137,Muscat,23.60069209,58.28890729
Shiraz,Iran,29.60704,52.524651,Duqm,19.50340891,57.63664505,Muscat,23.60069209,58.28890729
Shiraz,Iran,29.60704,52.524651,Multan,30.157457,71.524918,Muscat,23.60069209,58.28890729
Shiraz,Iran,29.60704,52.524651,Peshawar,34.015137,71.524918,Muscat,23.60069209,58.28890729
Shiraz,Iran,29.60704,52.524651,Sialkot,32.532569,74.36766744,Muscat,23.60069209,58.28890729
Shiraz,Iran,29.60704,52.524651,Tirana,41.41926081,19.71299069,Muscat,23.60069209,58.28890729
Shiraz,Iran,29.60704,52.524651,Lucknow,26.76527649,80.88533803,Muscat,23.60069209,58.28890729
Shiraz,Iran,29.60704,52.524651,Delhi,28.55629445,77.09960824,Muscat,23.60069209,58.28890729
Shiraz,Iran,29.60704,52.524651,Almaty,43.34651814,77.0119939,Muscat,23.60069209,58.28890729
Shiraz,Iran,29.60704,52.524651,Masirah,20.42498128,58.79658312,Muscat,23.60069209,58.28890729
Shiraz,Iran,29.60704,52.524651,Lahore,31.52061463,74.41178216,Muscat,23.60069209,58.28890729
Shiraz,Iran,29.60704,52.524651,Chennai,12.98104406,80.15937623,Muscat,23.60069209,58.28890729
Shiraz,Iran,29.60704,52.524651,Islamabad ,33.55620027,72.83441615,Muscat,23.60069209,58.28890729
Tirana,Albania,41.41926081,19.71299069,Sialkot,32.532569,74.36766744,Muscat,23.60069209,58.28890729
Tirana,Albania,41.41926081,19.71299069,Mashhad,32.73998,35.32387,Muscat,23.60069209,58.28890729
Tirana,Albania,41.41926081,19.71299069,Jaipur,26.82818436,75.80569051,Muscat,23.60069209,58.28890729
Tirana,Albania,41.41926081,19.71299069,Chittagong,22.24575776,91.81446412,Muscat,23.60069209,58.28890729
Tirana,Albania,41.41926081,19.71299069,Bangkok,13.69239184,100.750564,Muscat,23.60069209,58.28890729
Tirana,Albania,41.41926081,19.71299069,Karachi,24.860735,67.001137,Muscat,23.60069209,58.28890729
Tirana,Albania,41.41926081,19.71299069,Almaty,43.34651814,77.0119939,Muscat,23.60069209,58.28890729
Tirana,Albania,41.41926081,19.71299069,Dubai,25.07725,55.30927,Muscat,23.60069209,58.28890729
Tirana,Albania,41.41926081,19.71299069,Doha,25.2677098,51.55819875,Muscat,23.60069209,58.28890729
Tirana,Albania,41.41926081,19.71299069,Bharain,26.26741558,50.63001447,Muscat,23.60069209,58.28890729
Tirana,Albania,41.41926081,19.71299069,Dammam,26.4731379,49.79453543,Muscat,23.60069209,58.28890729
Tirana,Albania,41.41926081,19.71299069,Salalah,17.04695823,54.08804568,Muscat,23.60069209,58.28890729
Tirana,Albania,41.41926081,19.71299069,Phuket,8.105340192,98.30522515,Muscat,23.60069209,58.28890729
Tirana,Albania,41.41926081,19.71299069,Shiraz,29.60704,52.524651,Muscat,23.60069209,58.28890729
Tirana,Albania,41.41926081,19.71299069,Hyderabad ,17.361431,78.474533,Muscat,23.60069209,58.28890729
Tirana,Albania,41.41926081,19.71299069,Colombo,7.180070835,79.88417006,Muscat,23.60069209,58.28890729
Tirana,Albania,41.41926081,19.71299069,Calicut,11.13956658,75.95121222,Muscat,23.60069209,58.28890729
Tirana,Albania,41.41926081,19.71299069,Lucknow,26.76527649,80.88533803,Muscat,23.60069209,58.28890729
Tirana,Albania,41.41926081,19.71299069,Delhi,28.55629445,77.09960824,Muscat,23.60069209,58.28890729
Tirana,Albania,41.41926081,19.71299069,Duqm,19.50340891,57.63664505,Muscat,23.60069209,58.28890729
Tirana,Albania,41.41926081,19.71299069,Multan,30.157457,71.524918,Muscat,23.60069209,58.28890729
Tirana,Albania,41.41926081,19.71299069,Islamabad ,33.55620027,72.83441615,Muscat,23.60069209,58.28890729
Tirana,Albania,41.41926081,19.71299069,Chennai,12.98104406,80.15937623,Muscat,23.60069209,58.28890729
Trabzon ,Turkey,41.0020719,39.7192164,Karachi,24.860735,67.001137,Muscat,23.60069209,58.28890729
Trabzon ,Turkey,41.0020719,39.7192164,Dubai,25.07725,55.30927,Muscat,23.60069209,58.28890729
Trabzon ,Turkey,41.0020719,39.7192164,Doha,25.2677098,51.55819875,Muscat,23.60069209,58.28890729
Trabzon ,Turkey,41.0020719,39.7192164,Salalah,17.04695823,54.08804568,Muscat,23.60069209,58.28890729
Trabzon ,Turkey,41.0020719,39.7192164,Phuket,8.105340192,98.30522515,Muscat,23.60069209,58.28890729
Trabzon ,Turkey,41.0020719,39.7192164,Dhaka,23.8432299,90.40206514,Muscat,23.60069209,58.28890729
Trabzon ,Turkey,41.0020719,39.7192164,Hyderabad ,17.361431,78.474533,Muscat,23.60069209,58.28890729
Trabzon ,Turkey,41.0020719,39.7192164,Colombo,7.180070835,79.88417006,Muscat,23.60069209,58.28890729
Trabzon ,Turkey,41.0020719,39.7192164,Calicut,11.13956658,75.95121222,Muscat,23.60069209,58.28890729
Trabzon ,Turkey,41.0020719,39.7192164,Duqm,19.50340891,57.63664505,Muscat,23.60069209,58.28890729
Trabzon ,Turkey,41.0020719,39.7192164,Bangkok,13.69239184,100.750564,Muscat,23.60069209,58.28890729
Trabzon ,Turkey,41.0020719,39.7192164,Delhi,28.55629445,77.09960824,Muscat,23.60069209,58.28890729
Trabzon ,Turkey,41.0020719,39.7192164,Masirah,20.42498128,58.79658312,Muscat,23.60069209,58.28890729
Trabzon ,Turkey,41.0020719,39.7192164,Chennai,12.98104406,80.15937623,Muscat,23.60069209,58.28890729
Trabzon ,Turkey,41.0020719,39.7192164,Fujairah,25.176729,56.355046,Muscat,23.60069209,58.28890729
Muscat,Oman,23.60069209,58.28890729,Almaty ,43.34651814,77.0119939,No Transit,0,0
Muscat,Oman,23.60069209,58.28890729,Baghdad,33.26771992,44.23077194,No Transit,0,0
Muscat,Oman,23.60069209,58.28890729,Bahrain,26.26741558,50.63001447,No Transit,0,0
Muscat,Oman,23.60069209,58.28890729,Bairut,33.82589151,35.49276702,No Transit,0,0
Muscat,Oman,23.60069209,58.28890729,Bangkok,13.69239184,100.750564,No Transit,0,0
Muscat,Oman,23.60069209,58.28890729,Cairo (SPX),30.10754038,30.88667988,No Transit,0,0
Muscat,Oman,23.60069209,58.28890729,Calicut,11.13956658,75.95121222,No Transit,0,0
Muscat,Oman,23.60069209,58.28890729,Chattogram,22.24575776,91.81446412,No Transit,0,0
Muscat,Oman,23.60069209,58.28890729,Chennai,12.98104406,80.15937623,No Transit,0,0
Muscat,Oman,23.60069209,58.28890729,Colombo,7.180070835,79.88417006,No Transit,0,0
Muscat,Oman,23.60069209,58.28890729,Dammam,26.4731379,49.79453543,No Transit,0,0
Muscat,Oman,23.60069209,58.28890729,Delhi ,28.55629445,77.09960824,No Transit,0,0
Muscat,Oman,23.60069209,58.28890729,Dhaka,23.8432299,90.40206514,No Transit,0,0
Muscat,Oman,23.60069209,58.28890729,Doha,25.2677098,51.55819875,No Transit,0,0
Muscat,Oman,23.60069209,58.28890729,Dubai,25.25641278,55.36492579,No Transit,0,0
Muscat,Oman,23.60069209,58.28890729,Duqm,19.50340891,57.63664505,No Transit,0,0
Muscat,Oman,23.60069209,58.28890729,Fujairah,25.25641278,55.36492579,No Transit,0,0
Muscat,Oman,23.60069209,58.28890729,Hyderabad,17.361431,78.474533,No Transit,0,0
Muscat,Oman,23.60069209,58.28890729,Islamabad ,33.55620027,72.83441615,No Transit,0,0
Muscat,Oman,23.60069209,58.28890729,Istanbul (Sabiha),41.27677836,28.72996804,No Transit,0,0
Muscat,Oman,23.60069209,58.28890729,Jaipur,26.82818436,75.80569051,No Transit,0,0
Muscat,Oman,23.60069209,58.28890729,Jeddah,21.6830091,39.16634979,No Transit,0,0
Muscat,Oman,23.60069209,58.28890729,Karachi,24.860735,67.001137,No Transit,0,0
Muscat,Oman,23.60069209,58.28890729,Kuwait,29.2403852,47.97091705,No Transit,0,0
Muscat,Oman,23.60069209,58.28890729,Lahore,31.52061463,74.41178216,No Transit,0,0
Muscat,Oman,23.60069209,58.28890729,Lucknow,26.76527649,80.88533803,No Transit,0,0
Muscat,Oman,23.60069209,58.28890729,Mashadd,32.73998,35.32387,No Transit,0,0
Muscat,Oman,23.60069209,58.28890729,Masirah,20.42498128,58.79658312,No Transit,0,0
Muscat,Oman,23.60069209,58.28890729,Multan,30.157457,71.524918,No Transit,0,0
Muscat,Oman,23.60069209,58.28890729,Muscat - Hub ,23.60069209,58.28890729,No Transit,0,0
Muscat,Oman,23.60069209,58.28890729,Peshawar,34.015137,71.524918,No Transit,0,0
Muscat,Oman,23.60069209,58.28890729,Phuket,8.105340192,98.30522515,No Transit,0,0
Muscat,Oman,23.60069209,58.28890729,Riyadh,24.9604887,46.70212343,No Transit,0,0
Muscat,Oman,23.60069209,58.28890729,Salalah,17.04695823,54.08804568,No Transit,0,0
Muscat,Oman,23.60069209,58.28890729,Shiraz,29.60704,52.524651,No Transit,0,0
Muscat,Oman,23.60069209,58.28890729,Sialkot,32.532569,74.36766744,No Transit,0,0
Muscat,Oman,23.60069209,58.28890729,Tehran,35.40981184,51.15535079,No Transit,0,0
Muscat,Oman,23.60069209,58.28890729,Tirana ,41.41926081,19.71299069,No Transit,0,0
